ticker_id,traded_on,volume
140,2025-12-12,1739377
140,2025-12-15,1315174
140,2025-12-16,1361452
140,2025-12-17,831292
140,2025-12-18,991538
140,2025-12-19,1179874
140,2025-12-22,1198661
140,2025-12-23,752950
140,2025-12-24,776933
140,2025-12-26,516575
140,2025-12-29,729857
140,2025-12-30,889561
140,2025-12-31,964870
140,2026-01-02,1431999
140,2026-01-05,1364684
140,2026-01-06,1338619
140,2026-01-07,1980453
140,2026-01-08,2191949
140,2026-01-09,4758714
140,2026-01-12,1136675
74,2025-12-12,1316924
74,2025-12-15,896467
74,2025-12-16,1722185
74,2025-12-17,2275551
74,2025-12-18,1755297
74,2025-12-19,1794312
74,2025-12-22,1421577
74,2025-12-23,587591
74,2025-12-24,725782
74,2025-12-26,881898
74,2025-12-29,2261193
74,2025-12-30,2391763
74,2025-12-31,1503847
74,2026-01-02,3178142
74,2026-01-05,1865637
74,2026-01-06,2862869
74,2026-01-07,2153188
74,2026-01-08,1424788
74,2026-01-09,1038006
74,2026-01-12,755143
128,2025-12-12,1538280
128,2025-12-15,826318
128,2025-12-16,901201
128,2025-12-17,1094787
128,2025-12-18,612302
128,2025-12-19,370240
128,2025-12-22,435074
128,2025-12-23,282162
128,2025-12-24,356117
128,2025-12-26,1260467
128,2025-12-29,1913086
128,2025-12-30,1139144
128,2025-12-31,729281
128,2026-01-02,854066
128,2026-01-05,1198641
128,2026-01-06,1218105
128,2026-01-07,1269651
128,2026-01-08,1449646
128,2026-01-09,1730534
128,2026-01-12,609389
9,2025-12-12,995924
9,2025-12-15,525329
9,2025-12-16,484121
9,2025-12-17,389418
9,2025-12-18,454192
9,2025-12-19,648454
9,2025-12-22,323614
9,2025-12-23,504156
9,2025-12-24,286129
9,2025-12-26,270358
9,2025-12-29,300397
9,2025-12-30,261188
9,2025-12-31,291900
9,2026-01-02,1399973
9,2026-01-05,1683688
9,2026-01-06,1137303
9,2026-01-07,901640
9,2026-01-08,887508
9,2026-01-09,1049911
9,2026-01-12,327595
184,2025-12-12,688931
184,2025-12-15,659884
184,2025-12-16,1245510
184,2025-12-17,1401215
184,2025-12-18,877675
184,2025-12-19,634342
184,2025-12-22,494881
184,2025-12-23,459313
184,2025-12-24,327258
184,2025-12-26,970449
184,2025-12-29,516374
184,2025-12-30,814827
184,2025-12-31,574620
184,2026-01-02,1198842
184,2026-01-05,896775
184,2026-01-06,1935770
184,2026-01-07,1032584
184,2026-01-08,1341894
184,2026-01-09,1429111
184,2026-01-12,752121
73,2025-12-12,1269303
73,2025-12-15,1403977
73,2025-12-16,1544521
73,2025-12-17,1935376
73,2025-12-18,1077602
73,2025-12-19,2902913
73,2025-12-22,1344756
73,2025-12-23,1353417
73,2025-12-24,868499
73,2025-12-26,1217173
73,2025-12-29,613571
73,2025-12-30,526334
73,2025-12-31,637997
73,2026-01-02,1568985
73,2026-01-05,1143634
73,2026-01-06,930918
73,2026-01-07,2289346
73,2026-01-08,1171723
73,2026-01-09,1992480
73,2026-01-12,577449
36,2025-12-12,326729
36,2025-12-15,309880
36,2025-12-16,439890
36,2025-12-17,366176
36,2025-12-18,265500
36,2025-12-19,289692
36,2025-12-22,1331807
36,2025-12-23,534681
36,2025-12-24,1331847
36,2025-12-26,1924054
36,2025-12-29,3308470
36,2025-12-30,1645316
36,2025-12-31,1256610
36,2026-01-02,1305334
36,2026-01-05,2248888
36,2026-01-06,1530962
36,2026-01-07,1411732
36,2026-01-08,1096148
36,2026-01-09,2319338
36,2026-01-12,568638
59,2025-12-12,3818476
59,2025-12-15,2248782
59,2025-12-16,5119788
59,2025-12-17,2616336
59,2025-12-18,1820640
59,2025-12-19,3259480
59,2025-12-22,2210545
59,2025-12-23,1091693
59,2025-12-24,860446
59,2025-12-26,3110198
59,2025-12-29,1702489
59,2025-12-30,1097110
59,2025-12-31,3072348
59,2026-01-02,3632611
59,2026-01-05,3953860
59,2026-01-06,4844108
59,2026-01-07,3303168
59,2026-01-08,1767050
59,2026-01-09,2481379
59,2026-01-12,1293124
16,2025-12-12,22107664
16,2025-12-15,25889058
16,2025-12-16,32168064
16,2025-12-17,30535812
16,2025-12-18,30534136
16,2025-12-19,38763280
16,2025-12-22,22661665
16,2025-12-23,20739075
16,2025-12-24,12987261
16,2025-12-26,18823612
16,2025-12-29,21124648
16,2025-12-30,20325400
16,2025-12-31,29695967
16,2026-01-02,37512761
16,2026-01-05,66871820
16,2026-01-06,46751692
16,2026-01-07,49857449
16,2026-01-08,29215618
16,2026-01-09,37387656
16,2026-01-12,11854615
24,2025-12-12,2616675
24,2025-12-15,2577453
24,2025-12-16,4349885
24,2025-12-17,3317034
24,2025-12-18,1702833
24,2025-12-19,2373566
24,2025-12-22,2282849
24,2025-12-23,1367198
24,2025-12-24,3574226
24,2025-12-26,1731111
24,2025-12-29,1952987
24,2025-12-30,1335746
24,2025-12-31,2379036
24,2026-01-02,3341680
24,2026-01-05,4176021
24,2026-01-06,4145088
24,2026-01-07,9779593
24,2026-01-08,3944372
24,2026-01-09,3066038
24,2026-01-12,1530216
75,2025-12-12,1819171
75,2025-12-15,2632694
75,2025-12-16,3855922
75,2025-12-17,1757858
75,2025-12-18,2439398
75,2025-12-19,8101154
75,2025-12-22,2604822
75,2025-12-23,1625180
75,2025-12-24,3399711
75,2025-12-26,1881377
75,2025-12-29,2230577
75,2025-12-30,1062893
75,2025-12-31,1922723
75,2026-01-02,2292185
75,2026-01-05,3086804
75,2026-01-06,3447013
75,2026-01-07,7461375
75,2026-01-08,4770851
75,2026-01-09,3079442
75,2026-01-12,771741
30,2025-12-12,5029971
30,2025-12-15,9540796
30,2025-12-16,8922061
30,2025-12-17,8490679
30,2025-12-18,5247800
30,2025-12-19,8034656
30,2025-12-22,5675053
30,2025-12-23,5114619
30,2025-12-24,3022674
30,2025-12-26,3000352
30,2025-12-29,6343754
30,2025-12-30,4276067
30,2025-12-31,6354048
30,2026-01-02,11449412
30,2026-01-05,13343442
30,2026-01-06,7914854
30,2026-01-07,7065696
30,2026-01-08,8133244
30,2026-01-09,7989973
30,2026-01-12,1488956
65,2025-12-12,785945
65,2025-12-15,595330
65,2025-12-16,673680
65,2025-12-17,1226181
65,2025-12-18,897357
65,2025-12-19,415258
65,2025-12-22,461305
65,2025-12-23,376070
65,2025-12-24,248503
65,2025-12-26,225404
65,2025-12-29,291254
65,2025-12-30,433656
65,2025-12-31,340454
65,2026-01-02,510171
65,2026-01-05,605474
65,2026-01-06,694827
65,2026-01-07,1454924
65,2026-01-08,3620843
65,2026-01-09,2805686
65,2026-01-12,729488
96,2025-12-12,472963
96,2025-12-15,339297
96,2025-12-16,478603
96,2025-12-17,281628
96,2025-12-18,254228
96,2025-12-19,566574
96,2025-12-22,471533
96,2025-12-23,278956
96,2025-12-24,499218
96,2025-12-26,514200
96,2025-12-29,572002
96,2025-12-30,561749
96,2025-12-31,876770
96,2026-01-02,900703
96,2026-01-05,760627
96,2026-01-06,920839
96,2026-01-07,1701156
96,2026-01-08,3620556
96,2026-01-09,3688319
96,2026-01-12,1684897
122,2025-12-12,960157
122,2025-12-15,1227068
122,2025-12-16,1582721
122,2025-12-17,4862356
122,2025-12-18,4738729
122,2025-12-19,5308323
122,2025-12-22,2248686
122,2025-12-23,3261518
122,2025-12-24,4769873
122,2025-12-26,3103316
122,2025-12-29,1844035
122,2025-12-30,4559155
122,2025-12-31,4703481
122,2026-01-02,2893328
122,2026-01-05,2895496
122,2026-01-06,3271386
122,2026-01-07,2484111
122,2026-01-08,3318907
122,2026-01-09,3862727
122,2026-01-12,3147942
37,2025-12-12,5685160
37,2025-12-15,5303802
37,2025-12-16,4332822
37,2025-12-17,2831291
37,2025-12-18,1866410
37,2025-12-19,5930037
37,2025-12-22,5044154
37,2025-12-23,3819676
37,2025-12-24,2517267
37,2025-12-26,2322343
37,2025-12-29,3279546
37,2025-12-30,1830333
37,2025-12-31,3169019
37,2026-01-02,5368381
37,2026-01-05,4128760
37,2026-01-06,6261562
37,2026-01-07,7766610
37,2026-01-08,7288326
37,2026-01-09,6525869
37,2026-01-12,2557561
156,2025-12-12,2174407
156,2025-12-15,1699020
156,2025-12-16,1832452
156,2025-12-17,1206691
156,2025-12-18,1111662
156,2025-12-19,1948333
156,2025-12-22,1243536
156,2025-12-23,1352484
156,2025-12-24,1765493
156,2025-12-26,1349290
156,2025-12-29,1319407
156,2025-12-30,1104901
156,2025-12-31,1967420
156,2026-01-02,2344640
156,2026-01-05,1999105
156,2026-01-06,1453199
156,2026-01-07,2192217
156,2026-01-08,2729800
156,2026-01-09,2130779
156,2026-01-12,829892
151,2025-12-12,1643169
151,2025-12-15,2191758
151,2025-12-16,1504264
151,2025-12-17,1288510
151,2025-12-18,1093256
151,2025-12-19,1276381
151,2025-12-22,1384746
151,2025-12-23,1145247
151,2025-12-24,1160596
151,2025-12-26,2066620
151,2025-12-29,1781529
151,2025-12-30,1090859
151,2025-12-31,1029338
151,2026-01-02,914757
151,2026-01-05,734668
151,2026-01-06,1537010
151,2026-01-07,1435682
151,2026-01-08,863521
151,2026-01-09,900915
151,2026-01-12,429535
17,2025-12-12,5427309
17,2025-12-15,8768974
17,2025-12-16,7815975
17,2025-12-17,6483855
17,2025-12-18,4505017
17,2025-12-19,6190206
17,2025-12-22,4331476
17,2025-12-23,2900635
17,2025-12-24,4538255
17,2025-12-26,2608307
17,2025-12-29,3196339
17,2025-12-30,2008936
17,2025-12-31,3178871
17,2026-01-02,3913197
17,2026-01-05,4548684
17,2026-01-06,6507442
17,2026-01-07,3867893
17,2026-01-08,7354936
17,2026-01-09,8871449
17,2026-01-12,2096299
119,2025-12-12,456471
119,2025-12-15,498059
119,2025-12-16,716649
119,2025-12-17,456500
119,2025-12-18,437553
119,2025-12-19,419539
119,2025-12-22,373553
119,2025-12-23,509202
119,2025-12-24,492329
119,2025-12-26,484889
119,2025-12-29,437367
119,2025-12-30,533268
119,2025-12-31,735307
119,2026-01-02,1573356
119,2026-01-05,1077080
119,2026-01-06,621693
119,2026-01-07,1116712
119,2026-01-08,595589
119,2026-01-09,727448
119,2026-01-12,209641
13,2025-12-12,9026719
13,2025-12-15,6527359
13,2025-12-16,10227812
13,2025-12-17,12462736
13,2025-12-18,6069232
13,2025-12-19,12394315
13,2025-12-22,13468014
13,2025-12-23,5730016
13,2025-12-24,4891620
13,2025-12-26,3106463
13,2025-12-29,6073574
13,2025-12-30,4433797
13,2025-12-31,8863603
13,2026-01-02,13024209
13,2026-01-05,12466679
13,2026-01-06,16032166
13,2026-01-07,18172207
13,2026-01-08,9003951
13,2026-01-09,7391100
13,2026-01-12,4972535
7,2025-12-12,1273233
7,2025-12-15,423036
7,2025-12-16,594211
7,2025-12-17,512081
7,2025-12-18,569405
7,2025-12-19,475050
7,2025-12-22,299009
7,2025-12-23,263036
7,2025-12-24,309083
7,2025-12-26,87041
7,2025-12-29,156022
7,2025-12-30,214046
7,2025-12-31,163012
7,2026-01-02,460070
7,2026-01-05,245187
7,2026-01-06,778150
7,2026-01-07,609064
7,2026-01-08,459080
7,2026-01-09,821273
7,2026-01-12,229325
26,2025-12-12,6937576
26,2025-12-15,3269657
26,2025-12-16,4812422
26,2025-12-17,8615598
26,2025-12-18,4626946
26,2025-12-19,4458555
26,2025-12-22,6028344
26,2025-12-23,2868287
26,2025-12-24,4458151
26,2025-12-26,2217371
26,2025-12-29,2042261
26,2025-12-30,2767482
26,2025-12-31,4462429
26,2026-01-02,3837065
26,2026-01-05,4894160
26,2026-01-06,5151183
26,2026-01-07,4163314
26,2026-01-08,4693088
26,2026-01-09,2777963
26,2026-01-12,2135480
19,2025-12-12,2632486
19,2025-12-15,3959097
19,2025-12-16,4822700
19,2025-12-17,2459025
19,2025-12-18,3335535
19,2025-12-19,13167588
19,2025-12-22,3122154
19,2025-12-23,2939408
19,2025-12-24,1758351
19,2025-12-26,2482075
19,2025-12-29,1711448
19,2025-12-30,1411278
19,2025-12-31,2335646
19,2026-01-02,2331484
19,2026-01-05,2480870
19,2026-01-06,4503329
19,2026-01-07,5217240
19,2026-01-08,4156881
19,2026-01-09,2219233
19,2026-01-12,1432751
193,2025-12-12,1657926
193,2025-12-15,2413779
193,2025-12-16,935418
193,2025-12-17,2276094
193,2025-12-18,1421139
193,2025-12-19,3442564
193,2025-12-22,2153590
193,2025-12-23,2048261
193,2025-12-24,2613151
193,2025-12-26,1240270
193,2025-12-29,1162515
193,2025-12-30,1193947
193,2025-12-31,1498827
193,2026-01-02,3513123
193,2026-01-05,1697304
193,2026-01-06,2985773
193,2026-01-07,2723528
193,2026-01-08,4018148
193,2026-01-09,2102165
193,2026-01-12,798661
181,2025-12-12,356549
181,2025-12-15,275956
181,2025-12-16,261484
181,2025-12-17,122084
181,2025-12-18,72779
181,2025-12-19,111417
181,2025-12-22,50751
181,2025-12-23,187370
181,2025-12-24,76799
181,2025-12-26,175112
181,2025-12-29,60542
181,2025-12-30,98296
181,2025-12-31,71316
181,2026-01-02,247315
181,2026-01-05,111712
181,2026-01-06,105923
181,2026-01-07,143891
181,2026-01-08,40456
181,2026-01-09,71920
181,2026-01-12,197265
5,2025-12-12,11487142
5,2025-12-15,15831262
5,2025-12-16,10040579
5,2025-12-17,6821252
5,2025-12-18,4123581
5,2025-12-19,2924529
5,2025-12-22,4394030
5,2025-12-23,4390279
5,2025-12-24,2137508
5,2025-12-26,2136672
5,2025-12-29,1468706
5,2025-12-30,1543262
5,2025-12-31,1855757
5,2026-01-02,3866749
5,2026-01-05,1683893
5,2026-01-06,2549546
5,2026-01-07,2841636
5,2026-01-08,3283836
5,2026-01-09,7633567
5,2026-01-12,3498234
167,2025-12-12,1174874
167,2025-12-15,1194475
167,2025-12-16,1916541
167,2025-12-17,3253701
167,2025-12-18,1634056
167,2025-12-19,1498935
167,2025-12-22,1023263
167,2025-12-23,577637
167,2025-12-24,388461
167,2025-12-26,1051429
167,2025-12-29,624909
167,2025-12-30,548276
167,2025-12-31,954167
167,2026-01-02,445399
167,2026-01-05,1187587
167,2026-01-06,1532132
167,2026-01-07,949636
167,2026-01-08,1151123
167,2026-01-09,612176
167,2026-01-12,899603
80,2025-12-12,245021
80,2025-12-15,103452
80,2025-12-16,145250
80,2025-12-17,160233
80,2025-12-18,48040
80,2025-12-19,93015
80,2025-12-22,82010
80,2025-12-23,110112
80,2025-12-24,217011
80,2025-12-26,165151
80,2025-12-29,74003
80,2025-12-30,102018
80,2025-12-31,55073
80,2026-01-02,165300
80,2026-01-05,209029
80,2026-01-06,290092
80,2026-01-07,185119
80,2026-01-08,1284193
80,2026-01-09,488244
80,2026-01-12,146037
20,2025-12-12,7275148
20,2025-12-15,6062928
20,2025-12-16,8542223
20,2025-12-17,6976041
20,2025-12-18,4165530
20,2025-12-19,9631520
20,2025-12-22,11592939
20,2025-12-23,6068860
20,2025-12-24,9670162
20,2025-12-26,9773212
20,2025-12-29,4308389
20,2025-12-30,4119379
20,2025-12-31,5053597
20,2026-01-02,13336122
20,2026-01-05,10323146
20,2026-01-06,7516879
20,2026-01-07,8811038
20,2026-01-08,5371039
20,2026-01-09,9039822
20,2026-01-12,6424441
200,2025-12-12,398693
200,2025-12-15,542501
200,2025-12-16,647299
200,2025-12-17,354529
200,2025-12-18,683161
200,2025-12-19,1143571
200,2025-12-22,5572295
200,2025-12-23,4548005
200,2025-12-24,5721038
200,2025-12-26,4149391
200,2025-12-29,6040679
200,2025-12-30,3399863
200,2025-12-31,3973955
200,2026-01-02,4477141
200,2026-01-05,4331288
200,2026-01-06,7158732
200,2026-01-07,3382596
200,2026-01-08,5897038
200,2026-01-09,9274226
200,2026-01-12,3398197
110,2025-12-12,9551128
110,2025-12-15,8873559
110,2025-12-16,8777901
110,2025-12-17,9064972
110,2025-12-18,5046217
110,2025-12-19,4271651
110,2025-12-22,9012549
110,2025-12-23,3719560
110,2025-12-24,4404213
110,2025-12-26,6404044
110,2025-12-29,9925654
110,2025-12-30,4991626
110,2025-12-31,3375053
110,2026-01-02,5781392
110,2026-01-05,7852565
110,2026-01-06,5431179
110,2026-01-07,4046450
110,2026-01-08,4720947
110,2026-01-09,3824547
110,2026-01-12,5799478
145,2025-12-12,3564491
145,2025-12-15,2297035
145,2025-12-16,1819550
145,2025-12-17,1576402
145,2025-12-18,1208627
145,2025-12-19,609703
145,2025-12-22,1270274
145,2025-12-23,428772
145,2025-12-24,739159
145,2025-12-26,718835
145,2025-12-29,961913
145,2025-12-30,848453
145,2025-12-31,961906
145,2026-01-02,1383717
145,2026-01-05,1550942
145,2026-01-06,1351147
145,2026-01-07,1036462
145,2026-01-08,2043806
145,2026-01-09,997260
145,2026-01-12,1090704
175,2025-12-12,43285
175,2025-12-15,41793
175,2025-12-16,66958
175,2025-12-17,35604
175,2025-12-18,16921
175,2025-12-19,42153
175,2025-12-22,16416
175,2025-12-23,15092
175,2025-12-24,73641
175,2025-12-26,16754
175,2025-12-29,55994
175,2025-12-30,26903
175,2025-12-31,11576
175,2026-01-02,47565
175,2026-01-05,78014
175,2026-01-06,47181
175,2026-01-07,19751
175,2026-01-08,39650
175,2026-01-09,162266
175,2026-01-12,3425
10,2025-12-12,211002
10,2025-12-15,336106
10,2025-12-16,537066
10,2025-12-17,716175
10,2025-12-18,0
10,2025-12-19,1323302
10,2025-12-22,847114
10,2025-12-23,710200
10,2025-12-24,764250
10,2025-12-26,450321
10,2025-12-29,317105
10,2025-12-30,359143
10,2025-12-31,357436
10,2026-01-02,261966
10,2026-01-05,372016
10,2026-01-06,356121
10,2026-01-07,448091
10,2026-01-08,251118
10,2026-01-09,248793
10,2026-01-12,72633
18,2025-12-12,2275477
18,2025-12-15,2495742
18,2025-12-16,10459512
18,2025-12-17,9637324
18,2025-12-18,12188221
18,2025-12-19,13026457
18,2025-12-22,9006540
18,2025-12-23,8985990
18,2025-12-24,9883576
18,2025-12-26,8386075
18,2025-12-29,3336734
18,2025-12-30,3474498
18,2025-12-31,2648469
18,2026-01-02,4291815
18,2026-01-05,5223542
18,2026-01-06,4445126
18,2026-01-07,4607987
18,2026-01-08,6293314
18,2026-01-09,7700517
18,2026-01-12,1880019
124,2025-12-12,627612
124,2025-12-15,346333
124,2025-12-16,702194
124,2025-12-17,713098
124,2025-12-18,430787
124,2025-12-19,449088
124,2025-12-22,445015
124,2025-12-23,311849
124,2025-12-24,518714
124,2025-12-26,733627
124,2025-12-29,304670
124,2025-12-30,579890
124,2025-12-31,570749
124,2026-01-02,388558
124,2026-01-05,956800
124,2026-01-06,617199
124,2026-01-07,930520
124,2026-01-08,2442932
124,2026-01-09,1463168
124,2026-01-12,416109
123,2025-12-12,1284436
123,2025-12-15,1386651
123,2025-12-16,1588433
123,2025-12-17,1224432
123,2025-12-18,1169857
123,2025-12-19,1036541
123,2025-12-22,619017
123,2025-12-23,645157
123,2025-12-24,1487242
123,2025-12-26,799781
123,2025-12-29,1123121
123,2025-12-30,2581924
123,2025-12-31,1699347
123,2026-01-02,2164020
123,2026-01-05,1313114
123,2026-01-06,2633755
123,2026-01-07,2942411
123,2026-01-08,2677378
123,2026-01-09,1316664
123,2026-01-12,690879
22,2025-12-12,932286
22,2025-12-15,1528208
22,2025-12-16,1841718
22,2025-12-17,2177129
22,2025-12-18,1943482
22,2025-12-19,3207158
22,2025-12-22,1856105
22,2025-12-23,1590672
22,2025-12-24,1951244
22,2025-12-26,1474756
22,2025-12-29,1208054
22,2025-12-30,983431
22,2025-12-31,1165329
22,2026-01-02,3457795
22,2026-01-05,2400076
22,2026-01-06,2786138
22,2026-01-07,2846823
22,2026-01-08,2680166
22,2026-01-09,2890645
22,2026-01-12,1709528
67,2025-12-12,3027692
67,2025-12-15,1346563
67,2025-12-16,1004734
67,2025-12-17,1086900
67,2025-12-18,738332
67,2025-12-19,1915003
67,2025-12-22,1090486
67,2025-12-23,371841
67,2025-12-24,474298
67,2025-12-26,1532825
67,2025-12-29,2987568
67,2025-12-30,1625161
67,2025-12-31,1697115
67,2026-01-02,1465094
67,2026-01-05,1209857
67,2026-01-06,2215723
67,2026-01-07,1464955
67,2026-01-08,1019142
67,2026-01-09,561476
67,2026-01-12,404730
130,2025-12-12,2584382
130,2025-12-15,1510566
130,2025-12-16,2949775
130,2025-12-17,960387
130,2025-12-18,901989
130,2025-12-19,1158102
130,2025-12-22,2435732
130,2025-12-23,5743746
130,2025-12-24,2129865
130,2025-12-26,7247888
130,2025-12-29,4415340
130,2025-12-30,13932588
130,2025-12-31,7117234
130,2026-01-02,7275421
130,2026-01-05,8400249
130,2026-01-06,10300327
130,2026-01-07,7698329
130,2026-01-08,3840728
130,2026-01-09,8058846
130,2026-01-12,3631503
57,2025-12-12,470885
57,2025-12-15,1057972
57,2025-12-16,1608306
57,2025-12-17,1331113
57,2025-12-18,1027532
57,2025-12-19,861303
57,2025-12-22,862180
57,2025-12-23,704159
57,2025-12-24,821236
57,2025-12-26,1732551
57,2025-12-29,1583759
57,2025-12-30,892846
57,2025-12-31,2145615
57,2026-01-02,1098433
57,2026-01-05,719610
57,2026-01-06,675202
57,2026-01-07,549201
57,2026-01-08,1042139
57,2026-01-09,2572565
57,2026-01-12,1093207
180,2025-12-12,112029
180,2025-12-15,124002
180,2025-12-16,225037
180,2025-12-17,93022
180,2025-12-18,94015
180,2025-12-19,1033100
180,2025-12-22,384067
180,2025-12-23,219130
180,2025-12-24,190050
180,2025-12-26,209157
180,2025-12-29,173103
180,2025-12-30,73111
180,2025-12-31,106029
180,2026-01-02,239330
180,2026-01-05,610489
180,2026-01-06,332122
180,2026-01-07,521068
180,2026-01-08,320276
180,2026-01-09,124014
180,2026-01-12,109502
129,2025-12-12,154062
129,2025-12-15,137922
129,2025-12-16,363513
129,2025-12-17,217937
129,2025-12-18,254281
129,2025-12-19,406838
129,2025-12-22,209297
129,2025-12-23,129100
129,2025-12-24,167181
129,2025-12-26,226199
129,2025-12-29,103200
129,2025-12-30,80154
129,2025-12-31,317789
129,2026-01-02,225059
129,2026-01-05,312291
129,2026-01-06,263167
129,2026-01-07,311337
129,2026-01-08,174088
129,2026-01-09,225106
129,2026-01-12,58108
6,2025-12-12,6405736
6,2025-12-15,4496270
6,2025-12-16,5826656
6,2025-12-17,3229962
6,2025-12-18,2896841
6,2025-12-19,1912854
6,2025-12-22,2229782
6,2025-12-23,1727460
6,2025-12-24,2180748
6,2025-12-26,1753899
6,2025-12-29,2427617
6,2025-12-30,7131303
6,2025-12-31,5466149
6,2026-01-02,4530331
6,2026-01-05,6093250
6,2026-01-06,4314920
6,2026-01-07,4466265
6,2026-01-08,2236699
6,2026-01-09,1745681
6,2026-01-12,1145645
3,2025-12-12,632139
3,2025-12-15,533121
3,2025-12-16,662362
3,2025-12-17,711107
3,2025-12-18,528274
3,2025-12-19,712004
3,2025-12-22,477130
3,2025-12-23,572051
3,2025-12-24,293214
3,2025-12-26,458247
3,2025-12-29,380202
3,2025-12-30,479316
3,2025-12-31,535214
3,2026-01-02,1077116
3,2026-01-05,1308117
3,2026-01-06,1373393
3,2026-01-07,1045140
3,2026-01-08,1718461
3,2026-01-09,1965370
3,2026-01-12,188860
1,2025-12-12,2064926
1,2025-12-15,4503681
1,2025-12-16,6974310
1,2025-12-17,3253953
1,2025-12-18,3090262
1,2025-12-19,3725674
1,2025-12-22,4931220
1,2025-12-23,2001839
1,2025-12-24,3315299
1,2025-12-26,2993672
1,2025-12-29,3024418
1,2025-12-30,1899094
1,2025-12-31,3046795
1,2026-01-02,3277376
1,2026-01-05,6845078
1,2026-01-06,3191809
1,2026-01-07,2769633
1,2026-01-08,2782026
1,2026-01-09,4853241
1,2026-01-12,1757565
185,2025-12-12,348378
185,2025-12-15,351292
185,2025-12-16,484100
185,2025-12-17,432723
185,2025-12-18,216338
185,2025-12-19,179240
185,2025-12-22,293793
185,2025-12-23,586586
185,2025-12-24,830626
185,2025-12-26,935663
185,2025-12-29,754258
185,2025-12-30,458118
185,2025-12-31,547709
185,2026-01-02,609160
185,2026-01-05,1311682
185,2026-01-06,974790
185,2026-01-07,688214
185,2026-01-08,460445
185,2026-01-09,385627
185,2026-01-12,564288
38,2025-12-12,1947908
38,2025-12-15,1635691
38,2025-12-16,2630013
38,2025-12-17,3086703
38,2025-12-18,1815528
38,2025-12-19,1962797
38,2025-12-22,1778497
38,2025-12-23,1287254
38,2025-12-24,1437491
38,2025-12-26,1281757
38,2025-12-29,1968469
38,2025-12-30,3109093
38,2025-12-31,6331740
38,2026-01-02,5332645
38,2026-01-05,7256809
38,2026-01-06,4370405
38,2026-01-07,9258947
38,2026-01-08,7015870
38,2026-01-09,3814564
38,2026-01-12,911296
197,2025-12-12,730004
197,2025-12-15,661006
197,2025-12-16,995092
197,2025-12-17,795015
197,2025-12-18,584000
197,2025-12-19,1097005
197,2025-12-22,508000
197,2025-12-23,908089
197,2025-12-24,302000
197,2025-12-26,531150
197,2025-12-29,498100
197,2025-12-30,508490
197,2025-12-31,361559
197,2026-01-02,523080
197,2026-01-05,873215
197,2026-01-06,526112
197,2026-01-07,528030
197,2026-01-08,731007
197,2026-01-09,524100
197,2026-01-12,324683
95,2025-12-12,1427052
95,2025-12-15,910229
95,2025-12-16,607265
95,2025-12-17,730282
95,2025-12-18,518027
95,2025-12-19,994226
95,2025-12-22,936350
95,2025-12-23,455180
95,2025-12-24,516510
95,2025-12-26,246050
95,2025-12-29,379120
95,2025-12-30,376017
95,2025-12-31,1231276
95,2026-01-02,1902499
95,2026-01-05,5207268
95,2026-01-06,2937882
95,2026-01-07,1440364
95,2026-01-08,2298240
95,2026-01-09,1258235
95,2026-01-12,864961
69,2025-12-12,573031
69,2025-12-15,275095
69,2025-12-16,440305
69,2025-12-17,261001
69,2025-12-18,221111
69,2025-12-19,161215
69,2025-12-22,248200
69,2025-12-23,327061
69,2025-12-24,189055
69,2025-12-26,228200
69,2025-12-29,414538
69,2025-12-30,442183
69,2025-12-31,346082
69,2026-01-02,1075213
69,2026-01-05,2167725
69,2026-01-06,2897832
69,2026-01-07,1488162
69,2026-01-08,943442
69,2026-01-09,468090
69,2026-01-12,274184
81,2025-12-12,254437
81,2025-12-15,165708
81,2025-12-16,216648
81,2025-12-17,211349
81,2025-12-18,222592
81,2025-12-19,131021
81,2025-12-22,114119
81,2025-12-23,559344
81,2025-12-24,605915
81,2025-12-26,156477
81,2025-12-29,250144
81,2025-12-30,174301
81,2025-12-31,213451
81,2026-01-02,245608
81,2026-01-05,368983
81,2026-01-06,850728
81,2026-01-07,420758
81,2026-01-08,596659
81,2026-01-09,182395
81,2026-01-12,155623
168,2025-12-12,211002
168,2025-12-15,202200
168,2025-12-16,190400
168,2025-12-17,101000
168,2025-12-18,116000
168,2025-12-19,124000
168,2025-12-22,132000
168,2025-12-23,79100
168,2025-12-24,224235
168,2025-12-26,103021
168,2025-12-29,144000
168,2025-12-30,223030
168,2025-12-31,43000
168,2026-01-02,466005
168,2026-01-05,276008
168,2026-01-06,211003
168,2026-01-07,161086
168,2026-01-08,244022
168,2026-01-09,73211
168,2026-01-12,40642
198,2025-12-12,405650
198,2025-12-15,294220
198,2025-12-16,537111
198,2025-12-17,335260
198,2025-12-18,214015
198,2025-12-19,191319
198,2025-12-22,182440
198,2025-12-23,188021
198,2025-12-24,442601
198,2025-12-26,246810
198,2025-12-29,863407
198,2025-12-30,571020
198,2025-12-31,282050
198,2026-01-02,257398
198,2026-01-05,241059
198,2026-01-06,146107
198,2026-01-07,216002
198,2026-01-08,197011
198,2026-01-09,232060
198,2026-01-12,65070
85,2025-12-12,194100
85,2025-12-15,365000
85,2025-12-16,527100
85,2025-12-17,213005
85,2025-12-18,162001
85,2025-12-19,217100
85,2025-12-22,180100
85,2025-12-23,168000
85,2025-12-24,204020
85,2025-12-26,377068
85,2025-12-29,309117
85,2025-12-30,385500
85,2025-12-31,242150
85,2026-01-02,376050
85,2026-01-05,486105
85,2026-01-06,343043
85,2026-01-07,291069
85,2026-01-08,403136
85,2026-01-09,360190
85,2026-01-12,158249
40,2025-12-12,1548655
40,2025-12-15,2331212
40,2025-12-16,3388218
40,2025-12-17,5247420
40,2025-12-18,3938900
40,2025-12-19,3040174
40,2025-12-22,4841787
40,2025-12-23,3940680
40,2025-12-24,5233668
40,2025-12-26,3721891
40,2025-12-29,3107090
40,2025-12-30,2334365
40,2025-12-31,2721971
40,2026-01-02,4560751
40,2026-01-05,3463426
40,2026-01-06,2371894
40,2026-01-07,3327363
40,2026-01-08,3536243
40,2026-01-09,2006127
40,2026-01-12,1432477
4,2025-12-12,766225
4,2025-12-15,1264416
4,2025-12-16,2000395
4,2025-12-17,2553465
4,2025-12-18,1989310
4,2025-12-19,2537195
4,2025-12-22,1777019
4,2025-12-23,1386111
4,2025-12-24,1363268
4,2025-12-26,1401568
4,2025-12-29,436109
4,2025-12-30,583392
4,2025-12-31,1428601
4,2026-01-02,1019893
4,2026-01-05,1330060
4,2026-01-06,1166329
4,2026-01-07,1540610
4,2026-01-08,2007631
4,2026-01-09,2870560
4,2026-01-12,395563
102,2025-12-12,232250
102,2025-12-15,602566
102,2025-12-16,724004
102,2025-12-17,604100
102,2025-12-18,626775
102,2025-12-19,494504
102,2025-12-22,602140
102,2025-12-23,340202
102,2025-12-24,328655
102,2025-12-26,617175
102,2025-12-29,610140
102,2025-12-30,511642
102,2025-12-31,630169
102,2026-01-02,690215
102,2026-01-05,706565
102,2026-01-06,552619
102,2026-01-07,884552
102,2026-01-08,412620
102,2026-01-09,371156
102,2026-01-12,272271
8,2025-12-12,2558011
8,2025-12-15,3017158
8,2025-12-16,3878259
8,2025-12-17,2302094
8,2025-12-18,1513365
8,2025-12-19,2247609
8,2025-12-22,951835
8,2025-12-23,1586223
8,2025-12-24,1797831
8,2025-12-26,922512
8,2025-12-29,2812801
8,2025-12-30,1504000
8,2025-12-31,1675302
8,2026-01-02,957981
8,2026-01-05,2305070
8,2026-01-06,2906172
8,2026-01-07,1956003
8,2026-01-08,4094670
8,2026-01-09,2914399
8,2026-01-12,1200667
25,2025-12-12,1567126
25,2025-12-15,1635789
25,2025-12-16,2495325
25,2025-12-17,1582523
25,2025-12-18,1341705
25,2025-12-19,2466838
25,2025-12-22,846552
25,2025-12-23,1135354
25,2025-12-24,1186144
25,2025-12-26,622373
25,2025-12-29,562473
25,2025-12-30,923417
25,2025-12-31,825963
25,2026-01-02,1544657
25,2026-01-05,1411494
25,2026-01-06,1565860
25,2026-01-07,1510315
25,2026-01-08,1388109
25,2026-01-09,1775549
25,2026-01-12,564612
120,2025-12-12,684212
120,2025-12-15,524231
120,2025-12-16,866114
120,2025-12-17,1138078
120,2025-12-18,1237832
120,2025-12-19,1207808
120,2025-12-22,1043994
120,2025-12-23,919400
120,2025-12-24,860718
120,2025-12-26,1024335
120,2025-12-29,367322
120,2025-12-30,559507
120,2025-12-31,511640
120,2026-01-02,530200
120,2026-01-05,693310
120,2026-01-06,563430
120,2026-01-07,994827
120,2026-01-08,1232526
120,2026-01-09,610183
120,2026-01-12,217896
126,2025-12-12,211019
126,2025-12-15,124000
126,2025-12-16,326407
126,2025-12-17,265010
126,2025-12-18,150011
126,2025-12-19,94065
126,2025-12-22,205148
126,2025-12-23,156142
126,2025-12-24,168280
126,2025-12-26,109164
126,2025-12-29,287146
126,2025-12-30,376011
126,2025-12-31,388515
126,2026-01-02,221178
126,2026-01-05,323261
126,2026-01-06,187054
126,2026-01-07,227139
126,2026-01-08,487301
126,2026-01-09,175030
126,2026-01-12,67784
23,2025-12-12,6161744
23,2025-12-15,8298474
23,2025-12-16,26216176
23,2025-12-17,49191056
23,2025-12-18,26916273
23,2025-12-19,21950230
23,2025-12-22,18882439
23,2025-12-23,17223183
23,2025-12-24,14381521
23,2025-12-26,15952492
23,2025-12-29,14325071
23,2025-12-30,11968569
23,2025-12-31,23869710
23,2026-01-02,22740078
23,2026-01-05,25469229
23,2026-01-06,23580699
23,2026-01-07,18766287
23,2026-01-08,23946237
23,2026-01-09,49358199
23,2026-01-12,10695670
183,2025-12-12,40968
183,2025-12-15,44838
183,2025-12-16,141112
183,2025-12-17,47667
183,2025-12-18,26026
183,2025-12-19,9640
183,2025-12-22,16388
183,2025-12-23,47137
183,2025-12-24,36213
183,2025-12-26,46148
183,2025-12-29,39059
183,2025-12-30,157474
183,2025-12-31,138700
183,2026-01-02,121595
183,2026-01-05,58465
183,2026-01-06,81479
183,2026-01-07,31463
183,2026-01-08,29693
183,2026-01-09,30875
183,2026-01-12,31572
58,2025-12-12,1415621
58,2025-12-15,947115
58,2025-12-16,966214
58,2025-12-17,1096503
58,2025-12-18,821038
58,2025-12-19,721461
58,2025-12-22,1015291
58,2025-12-23,564611
58,2025-12-24,1884411
58,2025-12-26,1363031
58,2025-12-29,995142
58,2025-12-30,1387330
58,2025-12-31,1052853
58,2026-01-02,840503
58,2026-01-05,1471919
58,2026-01-06,1110507
58,2026-01-07,1750100
58,2026-01-08,1660100
58,2026-01-09,1527467
58,2026-01-12,266089
154,2025-12-12,1220650
154,2025-12-15,684151
154,2025-12-16,1128055
154,2025-12-17,671130
154,2025-12-18,870381
154,2025-12-19,698180
154,2025-12-22,1042553
154,2025-12-23,1471923
154,2025-12-24,1382325
154,2025-12-26,1069590
154,2025-12-29,4300419
154,2025-12-30,1479311
154,2025-12-31,1316741
154,2026-01-02,1540267
154,2026-01-05,1344363
154,2026-01-06,1741216
154,2026-01-07,1753001
154,2026-01-08,1007520
154,2026-01-09,1101061
154,2026-01-12,820233
113,2025-12-12,4226456
113,2025-12-15,4056627
113,2025-12-16,4520198
113,2025-12-17,8524700
113,2025-12-18,3187407
113,2025-12-19,4683438
113,2025-12-22,4821318
113,2025-12-23,2905672
113,2025-12-24,2278365
113,2025-12-26,2264892
113,2025-12-29,2518349
113,2025-12-30,1640450
113,2025-12-31,2295860
113,2026-01-02,2086127
113,2026-01-05,4229558
113,2026-01-06,6953425
113,2026-01-07,6035157
113,2026-01-08,3998034
113,2026-01-09,2140288
113,2026-01-12,1756948
98,2025-12-12,1066287
98,2025-12-15,2200352
98,2025-12-16,2122050
98,2025-12-17,1947431
98,2025-12-18,1064017
98,2025-12-19,731325
98,2025-12-22,1085442
98,2025-12-23,978196
98,2025-12-24,653275
98,2025-12-26,635466
98,2025-12-29,1052800
98,2025-12-30,1046761
98,2025-12-31,532203
98,2026-01-02,1281155
98,2026-01-05,1712085
98,2026-01-06,744201
98,2026-01-07,1096463
98,2026-01-08,1433904
98,2026-01-09,1266537
98,2026-01-12,214848
158,2025-12-12,2631468
158,2025-12-15,1179876
158,2025-12-16,1178484
158,2025-12-17,1292838
158,2025-12-18,1027426
158,2025-12-19,977447
158,2025-12-22,3022614
158,2025-12-23,2633000
158,2025-12-24,1571813
158,2025-12-26,2238773
158,2025-12-29,3048349
158,2025-12-30,1940243
158,2025-12-31,1741200
158,2026-01-02,1193983
158,2026-01-05,1662799
158,2026-01-06,1475596
158,2026-01-07,2071755
158,2026-01-08,1339743
158,2026-01-09,693191
158,2026-01-12,300323
78,2025-12-12,13493070
78,2025-12-15,17862871
78,2025-12-16,22883392
78,2025-12-17,14104640
78,2025-12-18,16148902
78,2025-12-19,22938314
78,2025-12-22,16784299
78,2025-12-23,16302106
78,2025-12-24,19116079
78,2025-12-26,16923277
78,2025-12-29,25117141
78,2025-12-30,14905827
78,2025-12-31,18455471
78,2026-01-02,23887655
78,2026-01-05,22044292
78,2026-01-06,28756712
78,2026-01-07,25895668
78,2026-01-08,19472093
78,2026-01-09,17690821
78,2026-01-12,13582984
12,2025-12-12,31007
12,2025-12-15,45144
12,2025-12-16,134064
12,2025-12-17,53100
12,2025-12-18,30010
12,2025-12-19,17000
12,2025-12-22,29001
12,2025-12-23,31000
12,2025-12-24,64093
12,2025-12-26,110371
12,2025-12-29,88057
12,2025-12-30,57200
12,2025-12-31,76127
12,2026-01-02,143126
12,2026-01-05,170341
12,2026-01-06,230166
12,2026-01-07,145254
12,2026-01-08,87264
12,2026-01-09,89049
12,2026-01-12,92987
172,2025-12-12,1042398
172,2025-12-15,355091
172,2025-12-16,284264
172,2025-12-17,240152
172,2025-12-18,125505
172,2025-12-19,150474
172,2025-12-22,123349
172,2025-12-23,311511
172,2025-12-24,163756
172,2025-12-26,272718
172,2025-12-29,192309
172,2025-12-30,172036
172,2025-12-31,170057
172,2026-01-02,204530
172,2026-01-05,383823
172,2026-01-06,201023
172,2026-01-07,161680
172,2026-01-08,261560
172,2026-01-09,220130
172,2026-01-12,146889
28,2025-12-12,18812507
28,2025-12-15,17223242
28,2025-12-16,16557399
28,2025-12-17,16259768
28,2025-12-18,16737594
28,2025-12-19,11540854
28,2025-12-22,18771735
28,2025-12-23,7982341
28,2025-12-24,9682846
28,2025-12-26,10977065
28,2025-12-29,61056258
28,2025-12-30,52188808
28,2025-12-31,62732206
28,2026-01-02,56516708
28,2026-01-05,42176798
28,2026-01-06,25427339
28,2026-01-07,25042437
28,2026-01-08,17657020
28,2026-01-09,19954099
28,2026-01-12,11141616
141,2025-12-12,373021
141,2025-12-15,363005
141,2025-12-16,530000
141,2025-12-17,698001
141,2025-12-18,774007
141,2025-12-19,869015
141,2025-12-22,999481
141,2025-12-23,1007004
141,2025-12-24,1061180
141,2025-12-26,890020
141,2025-12-29,580243
141,2025-12-30,318285
141,2025-12-31,284117
141,2026-01-02,466160
141,2026-01-05,394001
141,2026-01-06,304427
141,2026-01-07,313435
141,2026-01-08,440221
141,2026-01-09,355153
141,2026-01-12,373693
60,2025-12-12,12338765
60,2025-12-15,7527090
60,2025-12-16,10632940
60,2025-12-17,6881974
60,2025-12-18,5784770
60,2025-12-19,10888385
60,2025-12-22,7799389
60,2025-12-23,18992502
60,2025-12-24,18402345
60,2025-12-26,21238235
60,2025-12-29,10081193
60,2025-12-30,13649365
60,2025-12-31,13632325
60,2026-01-02,23547871
60,2026-01-05,9563110
60,2026-01-06,7432770
60,2026-01-07,6510693
60,2026-01-08,7214471
60,2026-01-09,6858659
60,2026-01-12,3725496
31,2025-12-12,7438075
31,2025-12-15,5535586
31,2025-12-16,3881997
31,2025-12-17,4146285
31,2025-12-18,1590039
31,2025-12-19,1865025
31,2025-12-22,1183175
31,2025-12-23,2351168
31,2025-12-24,2117301
31,2025-12-26,2142376
31,2025-12-29,2755252
31,2025-12-30,2078851
31,2025-12-31,6699442
31,2026-01-02,6586260
31,2026-01-05,6767265
31,2026-01-06,3621592
31,2026-01-07,2309327
31,2026-01-08,3466362
31,2026-01-09,4126212
31,2026-01-12,1742911
161,2025-12-12,1071395
161,2025-12-15,751005
161,2025-12-16,1786190
161,2025-12-17,533200
161,2025-12-18,597479
161,2025-12-19,1215038
161,2025-12-22,1347080
161,2025-12-23,593105
161,2025-12-24,483000
161,2025-12-26,694071
161,2025-12-29,396230
161,2025-12-30,402345
161,2025-12-31,532602
161,2026-01-02,347000
161,2026-01-05,1771438
161,2026-01-06,622200
161,2026-01-07,467299
161,2026-01-08,503153
161,2026-01-09,788100
161,2026-01-12,477922
131,2025-12-12,248467
131,2025-12-15,257591
131,2025-12-16,393873
131,2025-12-17,271332
131,2025-12-18,283281
131,2025-12-19,200544
131,2025-12-22,190330
131,2025-12-23,314632
131,2025-12-24,205385
131,2025-12-26,388808
131,2025-12-29,199499
131,2025-12-30,394031
131,2025-12-31,227387
131,2026-01-02,339006
131,2026-01-05,337396
131,2026-01-06,573192
131,2026-01-07,522141
131,2026-01-08,1155585
131,2026-01-09,410558
131,2026-01-12,145189
62,2025-12-12,3945173
62,2025-12-15,1290480
62,2025-12-16,992148
62,2025-12-17,656367
62,2025-12-18,636000
62,2025-12-19,867505
62,2025-12-22,430033
62,2025-12-23,402084
62,2025-12-24,616129
62,2025-12-26,415234
62,2025-12-29,372103
62,2025-12-30,560072
62,2025-12-31,283003
62,2026-01-02,531007
62,2026-01-05,916031
62,2026-01-06,785315
62,2026-01-07,542155
62,2026-01-08,2125440
62,2026-01-09,703115
62,2026-01-12,862115
166,2025-12-12,106003
166,2025-12-15,107003
166,2025-12-16,396200
166,2025-12-17,139000
166,2025-12-18,169000
166,2025-12-19,152050
166,2025-12-22,163022
166,2025-12-23,72005
166,2025-12-24,115071
166,2025-12-26,122000
166,2025-12-29,146000
166,2025-12-30,475014
166,2025-12-31,986176
166,2026-01-02,1400151
166,2026-01-05,1341618
166,2026-01-06,648384
166,2026-01-07,431070
166,2026-01-08,447569
166,2026-01-09,426203
166,2026-01-12,311099
79,2025-12-12,53003
79,2025-12-15,158639
79,2025-12-16,108929
79,2025-12-17,81043
79,2025-12-18,53920
79,2025-12-19,24318
79,2025-12-22,37223
79,2025-12-23,12507
79,2025-12-24,46535
79,2025-12-26,65682
79,2025-12-29,72570
79,2025-12-30,99176
79,2025-12-31,99735
79,2026-01-02,71145
79,2026-01-05,71002
79,2026-01-06,61035
79,2026-01-07,77168
79,2026-01-08,68558
79,2026-01-09,66815
79,2026-01-12,29801
87,2025-12-12,324066
87,2025-12-15,190005
87,2025-12-16,479002
87,2025-12-17,367080
87,2025-12-18,167010
87,2025-12-19,210002
87,2025-12-22,501030
87,2025-12-23,607237
87,2025-12-24,265200
87,2025-12-26,170030
87,2025-12-29,322100
87,2025-12-30,279000
87,2025-12-31,168000
87,2026-01-02,415020
87,2026-01-05,779060
87,2026-01-06,1165028
87,2026-01-07,733030
87,2026-01-08,518072
87,2026-01-09,651030
87,2026-01-12,850073
15,2025-12-12,17022364
15,2025-12-15,16519673
15,2025-12-16,26356995
15,2025-12-17,13862246
15,2025-12-18,15329777
15,2025-12-19,15038426
15,2025-12-22,9902367
15,2025-12-23,10263772
15,2025-12-24,10599782
15,2025-12-26,7757035
15,2025-12-29,10282169
15,2025-12-30,19193078
15,2025-12-31,33869775
15,2026-01-02,52538458
15,2026-01-05,64011196
15,2026-01-06,60788349
15,2026-01-07,46724102
15,2026-01-08,55632145
15,2026-01-09,24148362
15,2026-01-12,18917729
29,2025-12-12,4370746
29,2025-12-15,2366783
29,2025-12-16,5838343
29,2025-12-17,6755422
29,2025-12-18,10312923
29,2025-12-19,8602355
29,2025-12-22,4449012
29,2025-12-23,4865898
29,2025-12-24,9702851
29,2025-12-26,8857213
29,2025-12-29,9144973
29,2025-12-30,31321111
29,2025-12-31,24274465
29,2026-01-02,17372893
29,2026-01-05,20410986
29,2026-01-06,23417130
29,2026-01-07,7076713
29,2026-01-08,33753655
29,2026-01-09,25382208
29,2026-01-12,15296875
189,2025-12-12,8638426
189,2025-12-15,6276045
189,2025-12-16,10665214
189,2025-12-17,9976499
189,2025-12-18,11011900
189,2025-12-19,5790900
189,2025-12-22,4385770
189,2025-12-23,3478477
189,2025-12-24,3805739
189,2025-12-26,7159425
189,2025-12-29,6081876
189,2025-12-30,4014855
189,2025-12-31,4302002
189,2026-01-02,5552440
189,2026-01-05,11682966
189,2026-01-06,7642908
189,2026-01-07,18986425
189,2026-01-08,5491348
189,2026-01-09,4470261
189,2026-01-12,12478767
21,2025-12-12,3351807
21,2025-12-15,1959547
21,2025-12-16,2785661
21,2025-12-17,2333191
21,2025-12-18,3504081
21,2025-12-19,4590533
21,2025-12-22,1702195
21,2025-12-23,1995954
21,2025-12-24,1585758
21,2025-12-26,1684028
21,2025-12-29,2159840
21,2025-12-30,6919400
21,2025-12-31,9123010
21,2026-01-02,9237555
21,2026-01-05,5952153
21,2026-01-06,4512985
21,2026-01-07,3486580
21,2026-01-08,7250870
21,2026-01-09,6132527
21,2026-01-12,2149641
121,2025-12-12,2231773
121,2025-12-15,2474050
121,2025-12-16,3605581
121,2025-12-17,3771265
121,2025-12-18,2092102
121,2025-12-19,2763967
121,2025-12-22,2128357
121,2025-12-23,2241178
121,2025-12-24,1782458
121,2025-12-26,888284
121,2025-12-29,1559243
121,2025-12-30,1536431
121,2025-12-31,1230058
121,2026-01-02,3237831
121,2026-01-05,2441128
121,2026-01-06,6836375
121,2026-01-07,19958784
121,2026-01-08,22014349
121,2026-01-09,19283355
121,2026-01-12,6920087
14,2025-12-12,28800768
14,2025-12-15,41393524
14,2025-12-16,59731441
14,2025-12-17,41170423
14,2025-12-18,47662851
14,2025-12-19,40816061
14,2025-12-22,39334152
14,2025-12-23,29072621
14,2025-12-24,35691897
14,2025-12-26,28309367
14,2025-12-29,56570767
14,2025-12-30,35182695
14,2025-12-31,40505358
14,2026-01-02,57704460
14,2026-01-05,63164221
14,2026-01-06,63939915
14,2026-01-07,82446725
14,2026-01-08,85561505
14,2026-01-09,36453268
14,2026-01-12,14746011
56,2025-12-12,3601251
56,2025-12-15,2252102
56,2025-12-16,2987036
56,2025-12-17,3780398
56,2025-12-18,1328250
56,2025-12-19,2256809
56,2025-12-22,1993330
56,2025-12-23,2915170
56,2025-12-24,1897085
56,2025-12-26,1434545
56,2025-12-29,823587
56,2025-12-30,1820346
56,2025-12-31,1425593
56,2026-01-02,2318382
56,2026-01-05,4403789
56,2026-01-06,9688196
56,2026-01-07,12329397
56,2026-01-08,8155608
56,2026-01-09,12072963
56,2026-01-12,5159186
39,2025-12-12,19584637
39,2025-12-15,12119889
39,2025-12-16,23034970
39,2025-12-17,20874080
39,2025-12-18,18442793
39,2025-12-19,25900078
39,2025-12-22,24783309
39,2025-12-23,15378226
39,2025-12-24,13325125
39,2025-12-26,15968723
39,2025-12-29,10909813
39,2025-12-30,11001118
39,2025-12-31,12630436
39,2026-01-02,21094592
39,2026-01-05,48483738
39,2026-01-06,26037317
39,2026-01-07,58674260
39,2026-01-08,23498448
39,2026-01-09,19148599
39,2026-01-12,30655618
44,2025-12-12,7150
44,2025-12-15,27000
44,2025-12-16,9620
44,2025-12-17,11232
44,2025-12-18,14030
44,2025-12-19,2120
44,2025-12-22,14006
44,2025-12-23,13000
44,2025-12-24,11122
44,2025-12-26,11021
44,2025-12-29,17020
44,2025-12-30,22100
44,2025-12-31,2044
44,2026-01-02,21022
44,2026-01-05,21047
44,2026-01-06,23000
44,2026-01-07,18065
44,2026-01-08,41050
44,2026-01-09,22374
44,2026-01-12,2158
35,2025-12-12,1634475
35,2025-12-15,1596340
35,2025-12-16,1663822
35,2025-12-17,2794342
35,2025-12-18,2078678
35,2025-12-19,2019980
35,2025-12-22,2171505
35,2025-12-23,2090115
35,2025-12-24,2203293
35,2025-12-26,2090323
35,2025-12-29,1493004
35,2025-12-30,1498651
35,2025-12-31,1999003
35,2026-01-02,2632473
35,2026-01-05,2194920
35,2026-01-06,2842232
35,2026-01-07,2510265
35,2026-01-08,3564264
35,2026-01-09,772599
35,2026-01-12,589497
48,2025-12-12,7377644
48,2025-12-15,6038183
48,2025-12-16,6979330
48,2025-12-17,4057319
48,2025-12-18,3401845
48,2025-12-19,8048494
48,2025-12-22,9582755
48,2025-12-23,7930600
48,2025-12-24,6896361
48,2025-12-26,16441527
48,2025-12-29,14731856
48,2025-12-30,21863686
48,2025-12-31,7724698
48,2026-01-02,9823889
48,2026-01-05,7104014
48,2026-01-06,6042694
48,2026-01-07,8762070
48,2026-01-08,6454037
48,2026-01-09,6446937
48,2026-01-12,6304778
71,2025-12-12,704094
71,2025-12-15,374100
71,2025-12-16,1882428
71,2025-12-17,3177250
71,2025-12-18,1871205
71,2025-12-19,1764417
71,2025-12-22,2008162
71,2025-12-23,1863331
71,2025-12-24,1850016
71,2025-12-26,1792019
71,2025-12-29,876027
71,2025-12-30,873049
71,2025-12-31,921287
71,2026-01-02,1229339
71,2026-01-05,1495379
71,2026-01-06,1138026
71,2026-01-07,2026116
71,2026-01-08,758164
71,2026-01-09,576636
71,2026-01-12,278190
27,2025-12-12,26152247
27,2025-12-15,17141698
27,2025-12-16,24411859
27,2025-12-17,29583972
27,2025-12-18,39836220
27,2025-12-19,37562620
27,2025-12-22,155149934
27,2025-12-23,73981521
27,2025-12-24,117694281
27,2025-12-26,77626340
27,2025-12-29,72060478
27,2025-12-30,151090912
27,2025-12-31,114573682
27,2026-01-02,137743889
27,2026-01-05,113599487
27,2026-01-06,153865682
27,2026-01-07,164653480
27,2026-01-08,89592940
27,2026-01-09,20480454
27,2026-01-12,7297013
32,2025-12-12,178342
32,2025-12-15,207039
32,2025-12-16,409421
32,2025-12-17,365984
32,2025-12-18,256435
32,2025-12-19,444760
32,2025-12-22,171006
32,2025-12-23,135260
32,2025-12-24,171074
32,2025-12-26,233033
32,2025-12-29,168836
32,2025-12-30,129146
32,2025-12-31,169165
32,2026-01-02,180827
32,2026-01-05,443374
32,2026-01-06,335776
32,2026-01-07,220076
32,2026-01-08,203172
32,2026-01-09,445365
32,2026-01-12,102083
188,2025-12-12,100286333
188,2025-12-15,47015196
188,2025-12-16,33486347
188,2025-12-17,26127759
188,2025-12-18,12569660
188,2025-12-19,44033229
188,2025-12-22,18597543
188,2025-12-23,40023160
188,2025-12-24,30303118
188,2025-12-26,32817369
188,2025-12-29,45825515
188,2025-12-30,46642712
188,2025-12-31,29795249
188,2026-01-02,19889604
188,2026-01-05,19276734
188,2026-01-06,11020484
188,2026-01-07,33385501
188,2026-01-08,31505409
188,2026-01-09,35417371
188,2026-01-12,20904671
191,2025-12-12,235005
191,2025-12-15,139000
191,2025-12-16,701747
191,2025-12-17,573001
191,2025-12-18,326572
191,2025-12-19,239001
191,2025-12-22,372100
191,2025-12-23,155100
191,2025-12-24,150001
191,2025-12-26,220002
191,2025-12-29,125025
191,2025-12-30,115100
191,2025-12-31,209258
191,2026-01-02,136009
191,2026-01-05,426400
191,2026-01-06,394000
191,2026-01-07,609341
191,2026-01-08,361100
191,2026-01-09,864095
191,2026-01-12,123100
11,2025-12-12,280001
11,2025-12-15,192368
11,2025-12-16,415100
11,2025-12-17,325300
11,2025-12-18,454001
11,2025-12-19,469367
11,2025-12-22,233147
11,2025-12-23,578451
11,2025-12-24,908428
11,2025-12-26,1112637
11,2025-12-29,2110030
11,2025-12-30,779159
11,2025-12-31,647351
11,2026-01-02,1559423
11,2026-01-05,1094251
11,2026-01-06,1053027
11,2026-01-07,685156
11,2026-01-08,719061
11,2026-01-09,609029
11,2026-01-12,1183808
97,2025-12-12,279440
97,2025-12-15,256540
97,2025-12-16,681253
97,2025-12-17,326201
97,2025-12-18,377125
97,2025-12-19,384032
97,2025-12-22,347152
97,2025-12-23,234181
97,2025-12-24,187124
97,2025-12-26,174512
97,2025-12-29,237266
97,2025-12-30,540547
97,2025-12-31,253625
97,2026-01-02,142112
97,2026-01-05,284384
97,2026-01-06,431080
97,2026-01-07,506116
97,2026-01-08,371425
97,2026-01-09,325322
97,2026-01-12,140774
114,2025-12-12,1555390
114,2025-12-15,768153
114,2025-12-16,1500313
114,2025-12-17,1214798
114,2025-12-18,846462
114,2025-12-19,1022992
114,2025-12-22,997718
114,2025-12-23,843573
114,2025-12-24,613719
114,2025-12-26,2135570
114,2025-12-29,1803369
114,2025-12-30,815392
114,2025-12-31,427717
114,2026-01-02,815367
114,2026-01-05,1418422
114,2026-01-06,1715389
114,2026-01-07,1164560
114,2026-01-08,1449981
114,2026-01-09,2345136
114,2026-01-12,1107868
127,2025-12-12,442511
127,2025-12-15,2262527
127,2025-12-16,1384327
127,2025-12-17,764330
127,2025-12-18,1081308
127,2025-12-19,639030
127,2025-12-22,920086
127,2025-12-23,576436
127,2025-12-24,425150
127,2025-12-26,1484910
127,2025-12-29,743865
127,2025-12-30,639112
127,2025-12-31,491539
127,2026-01-02,342087
127,2026-01-05,331464
127,2026-01-06,673177
127,2026-01-07,546048
127,2026-01-08,823058
127,2026-01-09,488072
127,2026-01-12,267314
45,2025-12-12,586663
45,2025-12-15,526233
45,2025-12-16,418307
45,2025-12-17,753478
45,2025-12-18,333099
45,2025-12-19,305171
45,2025-12-22,183208
45,2025-12-23,1719307
45,2025-12-24,547644
45,2025-12-26,942499
45,2025-12-29,432407
45,2025-12-30,463307
45,2025-12-31,665694
45,2026-01-02,1196092
45,2026-01-05,2465130
45,2026-01-06,2003808
45,2026-01-07,1528526
45,2026-01-08,1660930
45,2026-01-09,774588
45,2026-01-12,898006
64,2025-12-12,637623
64,2025-12-15,530478
64,2025-12-16,1053352
64,2025-12-17,922266
64,2025-12-18,865722
64,2025-12-19,604171
64,2025-12-22,310313
64,2025-12-23,383429
64,2025-12-24,467795
64,2025-12-26,257271
64,2025-12-29,389143
64,2025-12-30,960872
64,2025-12-31,446354
64,2026-01-02,519382
64,2026-01-05,1580061
64,2026-01-06,961828
64,2026-01-07,797249
64,2026-01-08,834826
64,2026-01-09,856827
64,2026-01-12,298101
194,2025-12-12,5110367
194,2025-12-15,6757523
194,2025-12-16,8762975
194,2025-12-17,7938724
194,2025-12-18,10930981
194,2025-12-19,8125271
194,2025-12-22,10217904
194,2025-12-23,9330833
194,2025-12-24,13208185
194,2025-12-26,9382787
194,2025-12-29,7174494
194,2025-12-30,6158576
194,2025-12-31,13556030
194,2026-01-02,6776831
194,2026-01-05,8203466
194,2026-01-06,10705568
194,2026-01-07,3919525
194,2026-01-08,2474531
194,2026-01-09,4016950
194,2026-01-12,1892821
177,2025-12-12,39062
177,2025-12-15,19306
177,2025-12-16,18015
177,2025-12-17,3292
177,2025-12-18,19005
177,2025-12-19,12008
177,2025-12-22,15346
177,2025-12-23,21122
177,2025-12-24,21289
177,2025-12-26,13278
177,2025-12-29,13424
177,2025-12-30,12293
177,2025-12-31,199186
177,2026-01-02,323322
177,2026-01-05,219564
177,2026-01-06,99450
177,2026-01-07,56253
177,2026-01-08,38377
177,2026-01-09,26067
177,2026-01-12,9980
53,2025-12-12,8507226
53,2025-12-15,3599743
53,2025-12-16,2800803
53,2025-12-17,1774794
53,2025-12-18,1579228
53,2025-12-19,8349510
53,2025-12-22,5683148
53,2025-12-23,6119682
53,2025-12-24,2020599
53,2025-12-26,2211892
53,2025-12-29,2229515
53,2025-12-30,1499066
53,2025-12-31,2030591
53,2026-01-02,4329438
53,2026-01-05,1891782
53,2026-01-06,2092831
53,2026-01-07,4727417
53,2026-01-08,3693929
53,2026-01-09,4207129
53,2026-01-12,1372237
83,2025-12-12,1854590
83,2025-12-15,1009877
83,2025-12-16,957263
83,2025-12-17,366707
83,2025-12-18,324521
83,2025-12-19,456220
83,2025-12-22,1048803
83,2025-12-23,747682
83,2025-12-24,921781
83,2025-12-26,442562
83,2025-12-29,816369
83,2025-12-30,526404
83,2025-12-31,3700005
83,2026-01-02,5524789
83,2026-01-05,4093588
83,2026-01-06,1913392
83,2026-01-07,1779735
83,2026-01-08,2434134
83,2026-01-09,1315988
83,2026-01-12,1081932
61,2025-12-12,4787701
61,2025-12-15,3889836
61,2025-12-16,4560944
61,2025-12-17,4538055
61,2025-12-18,1107281
61,2025-12-19,703072
61,2025-12-22,572272
61,2025-12-23,785621
61,2025-12-24,964817
61,2025-12-26,413476
61,2025-12-29,465507
61,2025-12-30,638941
61,2025-12-31,530726
61,2026-01-02,583790
61,2026-01-05,3420172
61,2026-01-06,2157024
61,2026-01-07,2755656
61,2026-01-08,1755464
61,2026-01-09,3649468
61,2026-01-12,2687350
105,2025-12-12,3844667
105,2025-12-15,2907773
105,2025-12-16,2352114
105,2025-12-17,2666890
105,2025-12-18,1732913
105,2025-12-19,1568973
105,2025-12-22,2207025
105,2025-12-23,931142
105,2025-12-24,897754
105,2025-12-26,2958188
105,2025-12-29,3200200
105,2025-12-30,2840862
105,2025-12-31,2884922
105,2026-01-02,3658022
105,2026-01-05,4289666
105,2026-01-06,3921175
105,2026-01-07,3331354
105,2026-01-08,2247052
105,2026-01-09,1800394
105,2026-01-12,2122646
136,2025-12-12,342391
136,2025-12-15,121110
136,2025-12-16,165188
136,2025-12-17,93169
136,2025-12-18,21012
136,2025-12-19,75086
136,2025-12-22,33071
136,2025-12-23,109101
136,2025-12-24,79123
136,2025-12-26,46082
136,2025-12-29,142072
136,2025-12-30,96020
136,2025-12-31,391169
136,2026-01-02,730354
136,2026-01-05,1073007
136,2026-01-06,1229107
136,2026-01-07,508208
136,2026-01-08,1324231
136,2026-01-09,1201198
136,2026-01-12,929048
52,2025-12-12,960904
52,2025-12-15,819389
52,2025-12-16,1649615
52,2025-12-17,891160
52,2025-12-18,805581
52,2025-12-19,606620
52,2025-12-22,519167
52,2025-12-23,481510
52,2025-12-24,499338
52,2025-12-26,463489
52,2025-12-29,1294785
52,2025-12-30,627138
52,2025-12-31,627376
52,2026-01-02,1199544
52,2026-01-05,1320748
52,2026-01-06,964690
52,2026-01-07,1459851
52,2026-01-08,1703737
52,2026-01-09,832109
52,2026-01-12,408085
182,2025-12-12,141306
182,2025-12-15,64175
182,2025-12-16,62105
182,2025-12-17,80050
182,2025-12-18,57100
182,2025-12-19,61062
182,2025-12-22,134161
182,2025-12-23,117405
182,2025-12-24,1065310
182,2025-12-26,682000
182,2025-12-29,1060725
182,2025-12-30,929664
182,2025-12-31,897338
182,2026-01-02,567100
182,2026-01-05,369157
182,2026-01-06,423125
182,2026-01-07,1063574
182,2026-01-08,379532
182,2026-01-09,344053
182,2026-01-12,514855
150,2025-12-12,831636
150,2025-12-15,507375
150,2025-12-16,492104
150,2025-12-17,515111
150,2025-12-18,235044
150,2025-12-19,326061
150,2025-12-22,471288
150,2025-12-23,334091
150,2025-12-24,264386
150,2025-12-26,168132
150,2025-12-29,194226
150,2025-12-30,153091
150,2025-12-31,655341
150,2026-01-02,629693
150,2026-01-05,687447
150,2026-01-06,546447
150,2026-01-07,457742
150,2026-01-08,321310
150,2026-01-09,188019
150,2026-01-12,80096
186,2025-12-12,87274
186,2025-12-15,49926
186,2025-12-16,34899
186,2025-12-17,49056
186,2025-12-18,85442
186,2025-12-19,169711
186,2025-12-22,869442
186,2025-12-23,435714
186,2025-12-24,175070
186,2025-12-26,368581
186,2025-12-29,533773
186,2025-12-30,253048
186,2025-12-31,305602
186,2026-01-02,261725
186,2026-01-05,354699
186,2026-01-06,152408
186,2026-01-07,84722
186,2026-01-08,130233
186,2026-01-09,50025
186,2026-01-12,75226
90,2025-12-12,415132
90,2025-12-15,599121
90,2025-12-16,722173
90,2025-12-17,902803
90,2025-12-18,815121
90,2025-12-19,1019260
90,2025-12-22,437570
90,2025-12-23,424116
90,2025-12-24,890905
90,2025-12-26,550570
90,2025-12-29,1509120
90,2025-12-30,1386345
90,2025-12-31,1128442
90,2026-01-02,1234642
90,2026-01-05,1105471
90,2026-01-06,1311506
90,2026-01-07,3274070
90,2026-01-08,3718531
90,2026-01-09,1795302
90,2026-01-12,537845
100,2025-12-12,6802681
100,2025-12-15,3652774
100,2025-12-16,2676329
100,2025-12-17,3968178
100,2025-12-18,3193817
100,2025-12-19,2506172
100,2025-12-22,3481860
100,2025-12-23,1992499
100,2025-12-24,3700939
100,2025-12-26,3562581
100,2025-12-29,1916819
100,2025-12-30,2676682
100,2025-12-31,7824500
100,2026-01-02,6446969
100,2026-01-05,6663943
100,2026-01-06,5545955
100,2026-01-07,6127897
100,2026-01-08,4256854
100,2026-01-09,4863276
100,2026-01-12,1754585
41,2025-12-12,812623
41,2025-12-15,689729
41,2025-12-16,13134670
41,2025-12-17,9263101
41,2025-12-18,4596410
41,2025-12-19,6523751
41,2025-12-22,4630973
41,2025-12-23,442201
41,2025-12-24,418200
41,2025-12-26,464142
41,2025-12-29,267398
41,2025-12-30,481089
41,2025-12-31,335463
41,2026-01-02,806216
41,2026-01-05,726821
41,2026-01-06,542337
41,2026-01-07,459108
41,2026-01-08,489501
41,2026-01-09,758250
41,2026-01-12,5462585
176,2025-12-12,31003
176,2025-12-15,26002
176,2025-12-16,54061
176,2025-12-17,34052
176,2025-12-18,44595
176,2025-12-19,18020
176,2025-12-22,38100
176,2025-12-23,24730
176,2025-12-24,374014
176,2025-12-26,465094
176,2025-12-29,315277
176,2025-12-30,414412
176,2025-12-31,121149
176,2026-01-02,794064
176,2026-01-05,498089
176,2026-01-06,29040
176,2026-01-07,48023
176,2026-01-08,20320
176,2026-01-09,24069
176,2026-01-12,18810
116,2025-12-12,7944210
116,2025-12-15,8900947
116,2025-12-16,15520640
116,2025-12-17,9642809
116,2025-12-18,6224482
116,2025-12-19,8070251
116,2025-12-22,16174350
116,2025-12-23,10368104
116,2025-12-24,19857336
116,2025-12-26,8524607
116,2025-12-29,5894719
116,2025-12-30,10712137
116,2025-12-31,8429248
116,2026-01-02,9505827
116,2026-01-05,9999344
116,2026-01-06,6556302
116,2026-01-07,10261290
116,2026-01-08,7870749
116,2026-01-09,4975951
116,2026-01-12,2021717
107,2025-12-12,123192
107,2025-12-15,44351
107,2025-12-16,47241
107,2025-12-17,78372
107,2025-12-18,50193
107,2025-12-19,92287
107,2025-12-22,44333
107,2025-12-23,103568
107,2025-12-24,145291
107,2025-12-26,56171
107,2025-12-29,90357
107,2025-12-30,53435
107,2025-12-31,87111
107,2026-01-02,231111
107,2026-01-05,264456
107,2026-01-06,184317
107,2026-01-07,286655
107,2026-01-08,51770
107,2026-01-09,153291
107,2026-01-12,21056
137,2025-12-12,331066
137,2025-12-15,388579
137,2025-12-16,512464
137,2025-12-17,348966
137,2025-12-18,326327
137,2025-12-19,206495
137,2025-12-22,189211
137,2025-12-23,224210
137,2025-12-24,216268
137,2025-12-26,269148
137,2025-12-29,240218
137,2025-12-30,170530
137,2025-12-31,349685
137,2026-01-02,702441
137,2026-01-05,516464
137,2026-01-06,1167891
137,2026-01-07,2126310
137,2026-01-08,3034898
137,2026-01-09,794685
137,2026-01-12,374070
125,2025-12-12,1496714
125,2025-12-15,2170007
125,2025-12-16,2043232
125,2025-12-17,8132689
125,2025-12-18,4265177
125,2025-12-19,3416945
125,2025-12-22,1590016
125,2025-12-23,1473046
125,2025-12-24,1211520
125,2025-12-26,2993670
125,2025-12-29,4893206
125,2025-12-30,5450655
125,2025-12-31,3870892
125,2026-01-02,3824535
125,2026-01-05,4911678
125,2026-01-06,14380693
125,2026-01-07,15452319
125,2026-01-08,7362632
125,2026-01-09,7336748
125,2026-01-12,5476059
54,2025-12-12,1206701
54,2025-12-15,1058557
54,2025-12-16,1591150
54,2025-12-17,1144119
54,2025-12-18,1619176
54,2025-12-19,7047939
54,2025-12-22,4162307
54,2025-12-23,6584233
54,2025-12-24,4779017
54,2025-12-26,4533498
54,2025-12-29,4234210
54,2025-12-30,3677032
54,2025-12-31,6757362
54,2026-01-02,8069842
54,2026-01-05,5507450
54,2026-01-06,3875848
54,2026-01-07,3918543
54,2026-01-08,3067898
54,2026-01-09,2261553
54,2026-01-12,1361871
86,2025-12-12,1206733
86,2025-12-15,3700126
86,2025-12-16,5365595
86,2025-12-17,5306773
86,2025-12-18,2562264
86,2025-12-19,6055371
86,2025-12-22,1406622
86,2025-12-23,1207232
86,2025-12-24,1507561
86,2025-12-26,1478499
86,2025-12-29,1717506
86,2025-12-30,869534
86,2025-12-31,791309
86,2026-01-02,554265
86,2026-01-05,677179
86,2026-01-06,533942
86,2026-01-07,1991616
86,2026-01-08,4826709
86,2026-01-09,2106336
86,2026-01-12,2003620
76,2025-12-12,1655945
76,2025-12-15,2122000
76,2025-12-16,2498261
76,2025-12-17,1134630
76,2025-12-18,1049327
76,2025-12-19,943515
76,2025-12-22,367013
76,2025-12-23,892164
76,2025-12-24,447265
76,2025-12-26,1268509
76,2025-12-29,3141639
76,2025-12-30,3503839
76,2025-12-31,3382455
76,2026-01-02,5453438
76,2026-01-05,6803399
76,2026-01-06,9316721
76,2026-01-07,3866143
76,2026-01-08,3674150
76,2026-01-09,2628670
76,2026-01-12,1542719
143,2025-12-12,579197
143,2025-12-15,304220
143,2025-12-16,590272
143,2025-12-17,640000
143,2025-12-18,1121971
143,2025-12-19,471093
143,2025-12-22,443441
143,2025-12-23,342078
143,2025-12-24,173391
143,2025-12-26,1019115
143,2025-12-29,546166
143,2025-12-30,282059
143,2025-12-31,353016
143,2026-01-02,473550
143,2026-01-05,514604
143,2026-01-06,585077
143,2026-01-07,530141
143,2026-01-08,606248
143,2026-01-09,509050
143,2026-01-12,160490
82,2025-12-12,4005
82,2025-12-15,5027
82,2025-12-16,12002
82,2025-12-17,3000
82,2025-12-18,4006
82,2025-12-19,10007
82,2025-12-22,1038
82,2025-12-23,2006
82,2025-12-24,4002
82,2025-12-26,4004
82,2025-12-29,4055
82,2025-12-30,139004
82,2025-12-31,11006
82,2026-01-02,7001
82,2026-01-05,21006
82,2026-01-06,1002
82,2026-01-07,10001
82,2026-01-08,6021
82,2026-01-09,44
88,2025-12-12,1660011
88,2025-12-15,1119555
88,2025-12-16,1233590
88,2025-12-17,651100
88,2025-12-18,509802
88,2025-12-19,709215
88,2025-12-22,850317
88,2025-12-23,1398218
88,2025-12-24,787111
88,2025-12-26,851190
88,2025-12-29,821191
88,2025-12-30,596285
88,2025-12-31,4875018
88,2026-01-02,9492749
88,2026-01-05,10164964
88,2026-01-06,5729201
88,2026-01-07,4178254
88,2026-01-08,3711316
88,2026-01-09,7920355
88,2026-01-12,3082986
174,2025-12-12,917403
174,2025-12-15,582000
174,2025-12-16,1723151
174,2025-12-17,827100
174,2025-12-18,708229
174,2025-12-19,526098
174,2025-12-22,688509
174,2025-12-23,668116
174,2025-12-24,560700
174,2025-12-26,499338
174,2025-12-29,422277
174,2025-12-30,436500
174,2025-12-31,297714
174,2026-01-02,230151
174,2026-01-05,173183
174,2026-01-06,115037
174,2026-01-07,160100
174,2026-01-08,87036
174,2026-01-09,108173
174,2026-01-12,151603
47,2025-12-12,21288511
47,2025-12-15,21746872
47,2025-12-16,6632419
47,2025-12-17,2197571
47,2025-12-18,2088696
47,2025-12-19,1788913
47,2025-12-22,2136044
47,2025-12-23,1627806
47,2025-12-24,1550888
47,2025-12-26,1037737
47,2025-12-29,1576395
47,2025-12-30,1929804
47,2025-12-31,2457894
47,2026-01-02,3075330
47,2026-01-05,12928830
47,2026-01-06,10912325
47,2026-01-07,9148292
47,2026-01-08,6633191
47,2026-01-09,6038115
47,2026-01-12,269544
112,2025-12-12,897614
112,2025-12-15,896710
112,2025-12-16,1088331
112,2025-12-17,1412640
112,2025-12-18,540157
112,2025-12-19,441272
112,2025-12-22,632245
112,2025-12-23,574201
112,2025-12-24,398082
112,2025-12-26,594507
112,2025-12-29,1728622
112,2025-12-30,1487500
112,2025-12-31,1401725
112,2026-01-02,2521083
112,2026-01-05,8013253
112,2026-01-06,4013790
112,2026-01-07,2479469
112,2026-01-08,3021737
112,2026-01-09,5228961
112,2026-01-12,1437381
108,2025-12-12,446548
108,2025-12-15,759597
108,2025-12-16,740647
108,2025-12-17,1054648
108,2025-12-18,1038364
108,2025-12-19,891813
108,2025-12-22,679985
108,2025-12-23,379010
108,2025-12-24,409280
108,2025-12-26,893875
108,2025-12-29,984064
108,2025-12-30,861307
108,2025-12-31,1402303
108,2026-01-02,1167756
108,2026-01-05,1282056
108,2026-01-06,1216542
108,2026-01-07,1272656
108,2026-01-08,761232
108,2026-01-09,704131
108,2026-01-12,208696
133,2025-12-12,59010
133,2025-12-15,82012
133,2025-12-16,157293
133,2025-12-17,75042
133,2025-12-18,220001
133,2025-12-19,115075
133,2025-12-22,70003
133,2025-12-23,32135
133,2025-12-24,51022
133,2025-12-26,192092
133,2025-12-29,432165
133,2025-12-30,774741
133,2025-12-31,327718
133,2026-01-02,175712
133,2026-01-05,184290
133,2026-01-06,266110
133,2026-01-07,242500
133,2026-01-08,118063
133,2026-01-09,77018
133,2026-01-12,58791
153,2025-12-12,640658
153,2025-12-15,3719037
153,2025-12-16,8530182
153,2025-12-17,6967535
153,2025-12-18,6371196
153,2025-12-19,6284604
153,2025-12-22,6315868
153,2025-12-23,2010501
153,2025-12-24,1156442
153,2025-12-26,1310773
153,2025-12-29,951186
153,2025-12-30,750752
153,2025-12-31,1088229
153,2026-01-02,979552
153,2026-01-05,905450
153,2026-01-06,1023883
153,2026-01-07,1468188
153,2026-01-08,4545938
153,2026-01-09,2483743
153,2026-01-12,1426070
77,2025-12-12,282625
77,2025-12-15,210015
77,2025-12-16,298162
77,2025-12-17,153827
77,2025-12-18,212024
77,2025-12-19,581110
77,2025-12-22,440180
77,2025-12-23,1084563
77,2025-12-24,948072
77,2025-12-26,399198
77,2025-12-29,283200
77,2025-12-30,389317
77,2025-12-31,308219
77,2026-01-02,314451
77,2026-01-05,564400
77,2026-01-06,1165926
77,2026-01-07,474467
77,2026-01-08,969759
77,2026-01-09,5282601
77,2026-01-12,3300845
179,2025-12-12,145099
179,2025-12-15,102025
179,2025-12-16,55010
179,2025-12-17,405026
179,2025-12-18,278050
179,2025-12-19,108000
179,2025-12-22,155031
179,2025-12-23,131131
179,2025-12-24,79000
179,2025-12-26,81001
179,2025-12-29,224000
179,2025-12-30,88000
179,2025-12-31,107035
179,2026-01-02,332133
179,2026-01-05,407119
179,2026-01-06,377000
179,2026-01-07,393073
179,2026-01-08,182104
179,2026-01-09,206253
179,2026-01-12,30118
134,2025-12-12,2378771
134,2025-12-15,1237378
134,2025-12-16,1776292
134,2025-12-17,1112555
134,2025-12-18,665080
134,2025-12-19,665016
134,2025-12-22,1444176
134,2025-12-23,1086079
134,2025-12-24,918100
134,2025-12-26,756158
134,2025-12-29,844423
134,2025-12-30,841069
134,2025-12-31,848096
134,2026-01-02,1559135
134,2026-01-05,912538
134,2026-01-06,1577150
134,2026-01-07,1638091
134,2026-01-08,771500
134,2026-01-09,1070189
134,2026-01-12,316243
103,2025-12-12,6435876
103,2025-12-15,12093584
103,2025-12-16,12529361
103,2025-12-17,4098000
103,2025-12-18,2922038
103,2025-12-19,3523633
103,2025-12-22,3371076
103,2025-12-23,5110739
103,2025-12-24,4493245
103,2025-12-26,2865920
103,2025-12-29,1948968
103,2025-12-30,1460527
103,2025-12-31,5356210
103,2026-01-02,4270611
103,2026-01-05,3094374
103,2026-01-06,5274944
103,2026-01-07,5119285
103,2026-01-08,2625428
103,2026-01-09,2759726
103,2026-01-12,3354294
155,2025-12-12,41016
155,2025-12-15,18008
155,2025-12-16,37074
155,2025-12-17,32001
155,2025-12-18,43146
155,2025-12-19,11187
155,2025-12-22,15133
155,2025-12-23,28010
155,2025-12-24,14085
155,2025-12-26,96245
155,2025-12-29,333028
155,2025-12-30,106748
155,2025-12-31,140159
155,2026-01-02,122686
155,2026-01-05,67262
155,2026-01-06,232142
155,2026-01-07,199822
155,2026-01-08,84224
155,2026-01-09,63058
155,2026-01-12,59726
49,2025-12-12,10306323
49,2025-12-15,5845369
49,2025-12-16,5846067
49,2025-12-17,16748091
49,2025-12-18,20866793
49,2025-12-19,26687113
49,2025-12-22,20053525
49,2025-12-23,11318583
49,2025-12-24,6751934
49,2025-12-26,5148352
49,2025-12-29,12985586
49,2025-12-30,7334211
49,2025-12-31,4548849
49,2026-01-02,4222875
49,2026-01-05,7621253
49,2026-01-06,5456272
49,2026-01-07,2970655
49,2026-01-08,4228032
49,2026-01-09,5725323
49,2026-01-12,2123939
92,2025-12-12,24750578
92,2025-12-15,14850222
92,2025-12-16,20854296
92,2025-12-17,15267851
92,2025-12-18,9118445
92,2025-12-19,20793967
92,2025-12-22,27293351
92,2025-12-23,53685796
92,2025-12-24,53729989
92,2025-12-26,31440519
92,2025-12-29,18073938
92,2025-12-30,28499191
92,2025-12-31,34970730
92,2026-01-02,24240070
92,2026-01-05,17804874
92,2026-01-06,21608960
92,2026-01-07,21102630
92,2026-01-08,23263555
92,2026-01-09,23327651
92,2026-01-12,9127177
138,2025-12-12,1410805
138,2025-12-15,839378
138,2025-12-16,1336859
138,2025-12-17,3073167
138,2025-12-18,691325
138,2025-12-19,456152
138,2025-12-22,480100
138,2025-12-23,357482
138,2025-12-24,405310
138,2025-12-26,1274492
138,2025-12-29,1088311
138,2025-12-30,684219
138,2025-12-31,568180
138,2026-01-02,852386
138,2026-01-05,1873591
138,2026-01-06,828190
138,2026-01-07,602211
138,2026-01-08,572229
138,2026-01-09,458318
138,2026-01-12,320302
91,2025-12-12,16515955
91,2025-12-15,11442856
91,2025-12-16,25648146
91,2025-12-17,13958357
91,2025-12-18,11681208
91,2025-12-19,11990117
91,2025-12-22,1487584
91,2025-12-23,1033689
91,2025-12-24,1306447
91,2025-12-26,1366970
91,2025-12-29,814477
91,2025-12-30,1427409
91,2025-12-31,932249
91,2026-01-02,863623
91,2026-01-05,887595
91,2026-01-06,1016503
91,2026-01-07,7315428
91,2026-01-08,5312513
91,2026-01-09,3384837
91,2026-01-12,3272995
152,2025-12-12,121000
152,2025-12-15,105200
152,2025-12-16,69000
152,2025-12-17,49005
152,2025-12-18,128000
152,2025-12-19,227042
152,2025-12-22,135000
152,2025-12-23,160000
152,2025-12-24,449022
152,2025-12-26,296075
152,2025-12-29,198101
152,2025-12-30,155001
152,2025-12-31,131100
152,2026-01-02,114000
152,2026-01-05,381545
152,2026-01-06,276000
152,2026-01-07,188200
152,2026-01-08,122000
152,2026-01-09,80000
152,2026-01-12,55925
2,2025-12-12,33038
2,2025-12-15,3100
2,2025-12-16,20222
2,2025-12-17,4007
2,2025-12-18,11009
2,2025-12-19,12203
2,2025-12-22,13159
2,2025-12-23,3315
2,2025-12-24,4100
2,2025-12-26,6202
2,2025-12-29,31151
2,2025-12-30,8006
2,2025-12-31,15202
2,2026-01-02,19500
2,2026-01-05,28066
2,2026-01-06,28145
2,2026-01-07,3018
2,2026-01-08,21300
2,2026-01-09,15102
2,2026-01-12,8850
187,2025-12-12,106842
187,2025-12-15,132264
187,2025-12-16,72077
187,2025-12-17,111515
187,2025-12-18,87949
187,2025-12-19,83507
187,2025-12-22,103839
187,2025-12-23,1774100
187,2025-12-24,2053800
187,2025-12-26,1514700
187,2025-12-29,1327252
187,2025-12-30,653111
187,2025-12-31,1246049
187,2026-01-02,1231045
187,2026-01-05,1475816
187,2026-01-06,1573098
187,2026-01-07,622044
187,2026-01-08,848040
187,2026-01-09,486500
187,2026-01-12,307660
139,2025-12-12,3129205
139,2025-12-15,1263855
139,2025-12-16,1573245
139,2025-12-17,1025249
139,2025-12-18,508179
139,2025-12-19,491245
139,2025-12-22,587708
139,2025-12-23,529850
139,2025-12-24,378759
139,2025-12-26,419685
139,2025-12-29,280530
139,2025-12-30,445304
139,2025-12-31,483106
139,2026-01-02,789700
139,2026-01-05,1029127
139,2026-01-06,628693
139,2026-01-07,392200
139,2026-01-08,564342
139,2026-01-09,375065
139,2026-01-12,1213250
195,2025-12-12,30017591
195,2025-12-15,24507926
195,2025-12-16,32394356
195,2025-12-17,3539823
195,2025-12-18,2146112
195,2025-12-19,977721
195,2025-12-22,1379350
195,2025-12-23,1923650
195,2025-12-24,2170058
195,2025-12-26,2009761
195,2025-12-29,2139399
195,2025-12-30,1725296
195,2025-12-31,3184663
195,2026-01-02,55724101
195,2026-01-05,31403258
195,2026-01-06,12802241
195,2026-01-07,14098055
195,2026-01-08,20558610
195,2026-01-09,2041594
195,2026-01-12,587676
51,2025-12-12,22102040
51,2025-12-15,15998408
51,2025-12-16,10749375
51,2025-12-17,27250530
51,2025-12-18,37430450
51,2025-12-19,16086410
51,2025-12-22,21046733
51,2025-12-23,16384494
51,2025-12-24,36012112
51,2025-12-26,40652327
51,2025-12-29,33589870
51,2025-12-30,38333576
51,2025-12-31,57596363
51,2026-01-02,7021785
51,2026-01-05,6779553
51,2026-01-06,6587759
51,2026-01-07,3664731
51,2026-01-08,2334695
51,2026-01-09,4945051
51,2026-01-12,914674
63,2025-12-12,176278
63,2025-12-15,135000
63,2025-12-16,136005
63,2025-12-17,104007
63,2025-12-18,97900
63,2025-12-19,143075
63,2025-12-22,219387
63,2025-12-23,290315
63,2025-12-24,169045
63,2025-12-26,257529
63,2025-12-29,217227
63,2025-12-30,125167
63,2025-12-31,132400
63,2026-01-02,162420
63,2026-01-05,363158
63,2026-01-06,227060
63,2026-01-07,234419
63,2026-01-08,322053
63,2026-01-09,528140
63,2026-01-12,122643
147,2025-12-12,414554
147,2025-12-15,177931
147,2025-12-16,280195
147,2025-12-17,229671
147,2025-12-18,229826
147,2025-12-19,244571
147,2025-12-22,362253
147,2025-12-23,217717
147,2025-12-24,726152
147,2025-12-26,1628927
147,2025-12-29,1391446
147,2025-12-30,2302570
147,2025-12-31,1495260
147,2026-01-02,808848
147,2026-01-05,1168366
147,2026-01-06,831187
147,2026-01-07,649872
147,2026-01-08,769106
147,2026-01-09,1435203
147,2026-01-12,433603
171,2025-12-12,245075
171,2025-12-15,254272
171,2025-12-16,192001
171,2025-12-17,183050
171,2025-12-18,119002
171,2025-12-19,236030
171,2025-12-22,395020
171,2025-12-23,120007
171,2025-12-24,138002
171,2025-12-26,132013
171,2025-12-29,163032
171,2025-12-30,102309
171,2025-12-31,125118
171,2026-01-02,133006
171,2026-01-05,263019
171,2026-01-06,331331
171,2026-01-07,229001
171,2026-01-08,186105
171,2026-01-09,278350
171,2026-01-12,561236
169,2025-12-12,19018
169,2025-12-15,13100
169,2025-12-16,2000
169,2025-12-17,7000
169,2025-12-18,27000
169,2025-12-19,18020
169,2025-12-22,41005
169,2025-12-23,30020
169,2025-12-24,107133
169,2025-12-26,69200
169,2025-12-29,12217
169,2025-12-30,23000
169,2025-12-31,24000
169,2026-01-02,46000
169,2026-01-05,92139
169,2026-01-06,136012
169,2026-01-07,40001
169,2026-01-08,29006
169,2026-01-09,551178
169,2026-01-12,365547
159,2025-12-12,99116
159,2025-12-15,106142
159,2025-12-16,63000
159,2025-12-17,156702
159,2025-12-18,345421
159,2025-12-19,319913
159,2025-12-22,453200
159,2025-12-23,263470
159,2025-12-24,203110
159,2025-12-26,301422
159,2025-12-29,144050
159,2025-12-30,129648
159,2025-12-31,92147
159,2026-01-02,60184
159,2026-01-05,116180
159,2026-01-06,112154
159,2026-01-07,120258
159,2026-01-08,83200
159,2026-01-09,143011
159,2026-01-12,28699
164,2025-12-12,1183583
164,2025-12-15,2615005
164,2025-12-16,4566423
164,2025-12-17,6839033
164,2025-12-18,4309312
164,2025-12-19,2124490
164,2025-12-22,1985869
164,2025-12-23,3608229
164,2025-12-24,1717320
164,2025-12-26,1205085
164,2025-12-29,1284598
164,2025-12-30,675663
164,2025-12-31,3323576
164,2026-01-02,4848042
164,2026-01-05,2026073
164,2026-01-06,1029880
164,2026-01-07,1441223
164,2026-01-08,1052630
164,2026-01-09,948098
164,2026-01-12,2304667
160,2025-12-12,21005
160,2025-12-15,10215
160,2025-12-16,3000
160,2025-12-17,3000
160,2025-12-18,5006
160,2025-12-19,5010
160,2025-12-22,0
160,2025-12-23,3000
160,2025-12-24,4000
160,2025-12-26,2000
160,2025-12-29,8001
160,2025-12-30,0
160,2025-12-31,1000
160,2026-01-02,1000
160,2026-01-05,2001
160,2026-01-06,8001
160,2026-01-07,3006
160,2026-01-08,9000
160,2026-01-09,3046
160,2026-01-12,9025
162,2025-12-12,21000
162,2025-12-15,11001
162,2025-12-16,10000
162,2025-12-17,8000
162,2025-12-18,7000
162,2025-12-19,51000
162,2025-12-22,23101
162,2025-12-23,10000
162,2025-12-24,35000
162,2025-12-26,120001
162,2025-12-29,77008
162,2025-12-30,123120
162,2025-12-31,74000
162,2026-01-02,207050
162,2026-01-05,567293
162,2026-01-06,147017
162,2026-01-07,284449
162,2026-01-08,134006
162,2026-01-09,82160
162,2026-01-12,97684
43,2025-12-12,31375246
43,2025-12-15,23848905
43,2025-12-16,34502549
43,2025-12-17,15696480
43,2025-12-18,13655703
43,2025-12-19,25328089
43,2025-12-22,25711331
43,2025-12-23,39768218
43,2025-12-24,15445713
43,2025-12-26,19563714
43,2025-12-29,13323623
43,2025-12-30,9875058
43,2025-12-31,9833698
43,2026-01-02,17783505
43,2026-01-05,19068480
43,2026-01-06,21675424
43,2026-01-07,28717512
43,2026-01-08,44102149
43,2026-01-09,61695740
43,2026-01-12,32362719
93,2025-12-12,2697726
93,2025-12-15,2849067
93,2025-12-16,2944715
93,2025-12-17,1927520
93,2025-12-18,1307639
93,2025-12-19,20621551
93,2025-12-22,4690974
93,2025-12-23,12429733
93,2025-12-24,20990631
93,2025-12-26,11706599
93,2025-12-29,1943800
93,2025-12-30,1180340
93,2025-12-31,910626
93,2026-01-02,706134
93,2026-01-05,953553
93,2026-01-06,785098
93,2026-01-07,640424
93,2026-01-08,723668
93,2026-01-09,874061
93,2026-01-12,440592
115,2025-12-12,156010
115,2025-12-15,272192
115,2025-12-16,799252
115,2025-12-17,281103
115,2025-12-18,292030
115,2025-12-19,228305
115,2025-12-22,282676
115,2025-12-23,566308
115,2025-12-24,241301
115,2025-12-26,287079
115,2025-12-29,235070
115,2025-12-30,191424
115,2025-12-31,206653
115,2026-01-02,326101
115,2026-01-05,421915
115,2026-01-06,285880
115,2026-01-07,723209
115,2026-01-08,411800
115,2026-01-09,653413
115,2026-01-12,311542
109,2025-12-12,239261
109,2025-12-15,210055
109,2025-12-16,360020
109,2025-12-17,240004
109,2025-12-18,189022
109,2025-12-19,181149
109,2025-12-22,252349
109,2025-12-23,132025
109,2025-12-24,90025
109,2025-12-26,93101
109,2025-12-29,208833
109,2025-12-30,127104
109,2025-12-31,137125
109,2026-01-02,241301
109,2026-01-05,209599
109,2026-01-06,627168
109,2026-01-07,1254562
109,2026-01-08,1103031
109,2026-01-09,732230
109,2026-01-12,120799
157,2025-12-12,59001
157,2025-12-15,73000
157,2025-12-16,92066
157,2025-12-17,55000
157,2025-12-18,55004
157,2025-12-19,52008
157,2025-12-22,40000
157,2025-12-23,48085
157,2025-12-24,35001
157,2025-12-26,235000
157,2025-12-29,276010
157,2025-12-30,69029
157,2025-12-31,56013
157,2026-01-02,60010
157,2026-01-05,181001
157,2026-01-06,74017
157,2026-01-07,78011
157,2026-01-08,319000
157,2026-01-09,114025
157,2026-01-12,60127
34,2025-12-12,13000
34,2025-12-15,16000
34,2025-12-16,6115
34,2025-12-17,10026
34,2025-12-18,11000
34,2025-12-19,8695
34,2025-12-22,12010
34,2025-12-23,25010
34,2025-12-24,20000
34,2025-12-26,6200
34,2025-12-29,11000
34,2025-12-30,5014
34,2025-12-31,3079
34,2026-01-02,14000
34,2026-01-05,18001
34,2026-01-06,18070
34,2026-01-07,13000
34,2026-01-08,7053
34,2026-01-09,15000
34,2026-01-12,9248
50,2025-12-12,554570
50,2025-12-15,774103
50,2025-12-16,1915742
50,2025-12-17,1029101
50,2025-12-18,466197
50,2025-12-19,1113767
50,2025-12-22,616801
50,2025-12-23,596206
50,2025-12-24,409012
50,2025-12-26,998751
50,2025-12-29,762423
50,2025-12-30,518150
50,2025-12-31,664200
50,2026-01-02,1908007
50,2026-01-05,2344711
50,2026-01-06,2051866
50,2026-01-07,1677079
50,2026-01-08,1097556
50,2026-01-09,1101443
50,2026-01-12,330080
42,2025-12-12,145150
42,2025-12-15,224300
42,2025-12-16,73340
42,2025-12-17,187555
42,2025-12-18,52050
42,2025-12-19,56004
42,2025-12-22,36000
42,2025-12-23,31255
42,2025-12-24,69201
42,2025-12-26,142115
42,2025-12-29,49497
42,2025-12-30,56271
42,2025-12-31,51235
42,2026-01-02,60017
42,2026-01-05,88565
42,2026-01-06,116756
42,2026-01-07,177301
42,2026-01-08,85052
42,2026-01-09,46170
42,2026-01-12,63662
72,2025-12-12,27000
72,2025-12-15,46001
72,2025-12-16,33008
72,2025-12-17,23000
72,2025-12-18,9011
72,2025-12-19,15000
72,2025-12-22,21025
72,2025-12-23,34000
72,2025-12-24,17000
72,2025-12-26,22029
72,2025-12-29,40000
72,2025-12-30,17007
72,2025-12-31,53101
72,2026-01-02,36000
72,2026-01-05,98211
72,2026-01-06,35051
72,2026-01-07,39162
72,2026-01-08,17178
72,2026-01-09,18000
72,2026-01-12,6086
135,2025-12-12,285002
135,2025-12-15,230058
135,2025-12-16,167287
135,2025-12-17,154011
135,2025-12-18,107001
135,2025-12-19,247774
135,2025-12-22,137009
135,2025-12-23,136102
135,2025-12-24,178025
135,2025-12-26,282147
135,2025-12-29,249010
135,2025-12-30,175040
135,2025-12-31,126100
135,2026-01-02,170200
135,2026-01-05,179375
135,2026-01-06,238045
135,2026-01-07,166513
135,2026-01-08,268180
135,2026-01-09,272572
135,2026-01-12,294935
66,2025-12-12,3578477
66,2025-12-15,1840645
66,2025-12-16,1962173
66,2025-12-17,1618285
66,2025-12-18,1566349
66,2025-12-19,1521135
66,2025-12-22,2864754
66,2025-12-23,2361500
66,2025-12-24,1798606
66,2025-12-26,1580220
66,2025-12-29,1545369
66,2025-12-30,1927280
66,2025-12-31,2246245
66,2026-01-02,3669243
66,2026-01-05,3803613
66,2026-01-06,2698279
66,2026-01-07,2387604
66,2026-01-08,1265177
66,2026-01-09,1095330
66,2026-01-12,2513672
70,2025-12-12,241070
70,2025-12-15,282300
70,2025-12-16,317480
70,2025-12-17,211127
70,2025-12-18,142283
70,2025-12-19,172182
70,2025-12-22,208105
70,2025-12-23,395765
70,2025-12-24,571385
70,2025-12-26,629530
70,2025-12-29,442461
70,2025-12-30,417020
70,2025-12-31,332101
70,2026-01-02,836252
70,2026-01-05,732205
70,2026-01-06,461451
70,2026-01-07,361068
70,2026-01-08,403237
70,2026-01-09,292503
70,2026-01-12,261021
106,2025-12-12,47040
106,2025-12-15,152241
106,2025-12-16,23146
106,2025-12-17,30169
106,2025-12-18,23029
106,2025-12-19,26016
106,2025-12-22,24020
106,2025-12-23,19030
106,2025-12-24,23235
106,2025-12-26,20398
106,2025-12-29,42011
106,2025-12-30,43111
106,2025-12-31,42195
106,2026-01-02,61389
106,2026-01-05,96126
106,2026-01-06,99032
106,2026-01-07,74015
106,2026-01-08,64120
106,2026-01-09,83380
106,2026-01-12,21309
132,2025-12-12,131019
132,2025-12-15,116115
132,2025-12-16,146097
132,2025-12-17,58116
132,2025-12-18,138011
132,2025-12-19,147140
132,2025-12-22,149255
132,2025-12-23,125438
132,2025-12-24,81000
132,2025-12-26,154130
132,2025-12-29,249053
132,2025-12-30,287141
132,2025-12-31,433359
132,2026-01-02,278050
132,2026-01-05,295138
132,2026-01-06,116125
132,2026-01-07,219000
132,2026-01-08,183230
132,2026-01-09,341426
132,2026-01-12,140313
196,2025-12-12,12026
196,2025-12-15,5000
196,2025-12-16,10000
196,2025-12-17,2000
196,2025-12-18,2100
196,2025-12-19,5474
196,2025-12-22,5002
196,2025-12-23,6005
196,2025-12-24,5000
196,2025-12-26,4020
196,2025-12-29,5000
196,2025-12-30,6000
196,2025-12-31,11000
196,2026-01-02,11000
196,2026-01-05,10004
196,2026-01-06,15100
196,2026-01-07,16063
196,2026-01-08,14000
196,2026-01-09,8014
196,2026-01-12,25039
178,2025-12-12,76040
178,2025-12-15,53060
178,2025-12-16,65101
178,2025-12-17,36025
178,2025-12-18,24001
178,2025-12-19,19040
178,2025-12-22,21001
178,2025-12-23,25117
178,2025-12-24,17030
178,2025-12-26,16000
178,2025-12-29,48102
178,2025-12-30,66006
178,2025-12-31,52100
178,2026-01-02,91000
178,2026-01-05,116001
178,2026-01-06,65000
178,2026-01-07,71000
178,2026-01-08,76000
178,2026-01-09,46001
178,2026-01-12,6393
118,2025-12-12,2429126
118,2025-12-15,589041
118,2025-12-16,3786091
118,2025-12-17,2371658
118,2025-12-18,899053
118,2025-12-19,1920229
118,2025-12-22,2265005
118,2025-12-23,1097151
118,2025-12-24,814190
118,2025-12-26,1635470
118,2025-12-29,2005215
118,2025-12-30,774195
118,2025-12-31,891082
118,2026-01-02,888055
118,2026-01-05,619203
118,2026-01-06,870110
118,2026-01-07,337500
118,2026-01-08,659041
118,2026-01-09,347432
118,2026-01-12,216382
163,2025-12-12,227101
163,2025-12-15,165065
163,2025-12-16,82000
163,2025-12-17,52020
163,2025-12-18,186001
163,2025-12-19,83000
163,2025-12-22,129001
163,2025-12-23,67012
163,2025-12-24,32000
163,2025-12-26,58000
163,2025-12-29,69032
163,2025-12-30,66010
163,2025-12-31,77030
163,2026-01-02,102000
163,2026-01-05,183000
163,2026-01-06,82151
163,2026-01-07,395657
163,2026-01-08,277102
163,2026-01-09,164001
163,2026-01-12,107308
192,2025-12-12,998134
192,2025-12-15,893342
192,2025-12-16,1551386
192,2025-12-17,753080
192,2025-12-18,847239
192,2025-12-19,558035
192,2025-12-22,530500
192,2025-12-23,4035607
192,2025-12-24,1426284
192,2025-12-26,672506
192,2025-12-29,907323
192,2025-12-30,636236
192,2025-12-31,574883
192,2026-01-02,681020
192,2026-01-05,1111556
192,2026-01-06,533021
192,2026-01-07,964197
192,2026-01-08,1917057
192,2026-01-09,2618983
192,2026-01-12,4598032
94,2025-12-12,150000
94,2025-12-15,28000
94,2025-12-16,20000
94,2025-12-17,11000
94,2025-12-18,9030
94,2025-12-19,13000
94,2025-12-22,13803
94,2025-12-23,21030
94,2025-12-24,7200
94,2025-12-26,46165
94,2025-12-29,20000
94,2025-12-30,16160
94,2025-12-31,16000
94,2026-01-02,20000
94,2026-01-05,152002
94,2026-01-06,26003
94,2026-01-07,40010
94,2026-01-08,59000
94,2026-01-09,237740
94,2026-01-12,105598
33,2025-12-12,6212
33,2025-12-15,6015
33,2025-12-16,9100
33,2025-12-17,2000
33,2025-12-18,13004
33,2025-12-19,6058
33,2025-12-22,3022
33,2025-12-23,9281
33,2025-12-24,10000
33,2025-12-26,4119
33,2025-12-29,23012
33,2025-12-30,3000
33,2025-12-31,9317
33,2026-01-02,6535
33,2026-01-05,82003
33,2026-01-06,17000
33,2026-01-07,56006
33,2026-01-08,27211
33,2026-01-09,11438
33,2026-01-12,28920
149,2025-12-12,95414
149,2025-12-15,44010
149,2025-12-16,85100
149,2025-12-17,78009
149,2025-12-18,38000
149,2025-12-19,26077
149,2025-12-22,65182
149,2025-12-23,87021
149,2025-12-24,58050
149,2025-12-26,42062
149,2025-12-29,125008
149,2025-12-30,141104
149,2025-12-31,34000
149,2026-01-02,61015
149,2026-01-05,142007
149,2026-01-06,103000
149,2026-01-07,185346
149,2026-01-08,203000
149,2026-01-09,121000
149,2026-01-12,35187
84,2025-12-12,632350
84,2025-12-15,508375
84,2025-12-16,583148
84,2025-12-17,310443
84,2025-12-18,410170
84,2025-12-19,444182
84,2025-12-22,419235
84,2025-12-23,483515
84,2025-12-24,429208
84,2025-12-26,423330
84,2025-12-29,629209
84,2025-12-30,383200
84,2025-12-31,561023
84,2026-01-02,1509362
84,2026-01-05,1936682
84,2026-01-06,1188332
84,2026-01-07,1659400
84,2026-01-08,725100
84,2026-01-09,326250
84,2026-01-12,227117
142,2025-12-12,134056
142,2025-12-15,150000
142,2025-12-16,189035
142,2025-12-17,302036
142,2025-12-18,237061
142,2025-12-19,196273
142,2025-12-22,104011
142,2025-12-23,69000
142,2025-12-24,61125
142,2025-12-26,89055
142,2025-12-29,120069
142,2025-12-30,105117
142,2025-12-31,138036
142,2026-01-02,239053
142,2026-01-05,380102
142,2026-01-06,140036
142,2026-01-07,216020
142,2026-01-08,98001
142,2026-01-09,95009
142,2026-01-12,87972
148,2025-12-12,1132005
148,2025-12-15,873023
148,2025-12-16,880079
148,2025-12-17,1154037
148,2025-12-18,281169
148,2025-12-19,660055
148,2025-12-22,663003
148,2025-12-23,274233
148,2025-12-24,158084
148,2025-12-26,306200
148,2025-12-29,221177
148,2025-12-30,503104
148,2025-12-31,484026
148,2026-01-02,841101
148,2026-01-05,1539149
148,2026-01-06,679236
148,2026-01-07,438084
148,2026-01-08,236001
148,2026-01-09,223100
148,2026-01-12,375265
89,2025-12-12,3226097
89,2025-12-15,2026177
89,2025-12-16,2311499
89,2025-12-17,1830667
89,2025-12-18,1326741
89,2025-12-19,3751208
89,2025-12-22,3946476
89,2025-12-23,17388582
89,2025-12-24,1420033
89,2025-12-26,961511
89,2025-12-29,852350
89,2025-12-30,481064
89,2025-12-31,804210
89,2026-01-02,519357
89,2026-01-05,1207204
89,2026-01-06,826231
89,2026-01-07,595001
89,2026-01-08,1441302
89,2026-01-09,14297608
89,2026-01-12,7096641
55,2025-12-12,1325038
55,2025-12-15,642250
55,2025-12-16,1947060
55,2025-12-17,1846010
55,2025-12-18,506207
55,2025-12-19,1179200
55,2025-12-22,921455
55,2025-12-23,1250017
55,2025-12-24,1161412
55,2025-12-26,634100
55,2025-12-29,971212
55,2025-12-30,1856150
55,2025-12-31,3161874
55,2026-01-02,5274107
55,2026-01-05,3952620
55,2026-01-06,13860112
55,2026-01-07,25344800
55,2026-01-08,27041430
55,2026-01-09,14228637
55,2026-01-12,5353585
190,2025-12-12,1823535
190,2025-12-15,2831107
190,2025-12-16,3857194
190,2025-12-17,3167480
190,2025-12-18,1738919
190,2025-12-19,2737632
190,2025-12-22,2232390
190,2025-12-23,1614154
190,2025-12-24,2720780
190,2025-12-26,1389836
190,2025-12-29,1763381
190,2025-12-30,6955839
190,2025-12-31,8785049
190,2026-01-02,9567527
190,2026-01-05,9507382
190,2026-01-06,6105984
190,2026-01-07,7503249
190,2026-01-08,8679824
190,2026-01-09,8724427
190,2026-01-12,2670330
144,2025-12-12,7045
144,2025-12-15,42000
144,2025-12-16,24101
144,2025-12-17,16000
144,2025-12-18,8061
144,2025-12-19,15176
144,2025-12-22,14067
144,2025-12-23,13061
144,2025-12-24,24170
144,2025-12-26,32063
144,2025-12-29,66000
144,2025-12-30,13105
144,2025-12-31,46141
144,2026-01-02,45000
144,2026-01-05,45001
144,2026-01-06,73020
144,2026-01-07,82566
144,2026-01-08,36336
144,2026-01-09,13030
144,2026-01-12,26176
199,2025-12-12,720264
199,2025-12-15,716882
199,2025-12-16,644000
199,2025-12-17,848096
199,2025-12-18,479206
199,2025-12-19,1074347
199,2025-12-22,1509649
199,2025-12-23,443561
199,2025-12-24,598900
199,2025-12-26,720261
199,2025-12-29,483420
199,2025-12-30,1757084
199,2025-12-31,512577
199,2026-01-02,966478
199,2026-01-05,821532
199,2026-01-06,841836
199,2026-01-07,1096196
199,2026-01-08,672932
199,2026-01-09,1060336
199,2026-01-12,213884
101,2025-12-12,848362
101,2025-12-15,540345
101,2025-12-16,594150
101,2025-12-17,445103
101,2025-12-18,324300
101,2025-12-19,606199
101,2025-12-22,353030
101,2025-12-23,407130
101,2025-12-24,445250
101,2025-12-26,351160
101,2025-12-29,331393
101,2025-12-30,381012
101,2025-12-31,731175
101,2026-01-02,218172
101,2026-01-05,368100
101,2026-01-06,391262
101,2026-01-07,180061
101,2026-01-08,308874
101,2026-01-09,339000
101,2026-01-12,106456
117,2025-12-12,22514422
117,2025-12-15,4961535
117,2025-12-16,7746895
117,2025-12-17,6336700
117,2025-12-18,3807000
117,2025-12-19,5158335
117,2025-12-22,3818180
117,2025-12-23,3428530
117,2025-12-24,2891122
117,2025-12-26,3393358
117,2025-12-29,3141810
117,2025-12-30,1820775
117,2025-12-31,1795643
117,2026-01-02,7953085
117,2026-01-05,5842109
117,2026-01-06,4070462
117,2026-01-07,6617079
117,2026-01-08,6485236
117,2026-01-09,3873664
117,2026-01-12,2767882
99,2025-12-12,8041
99,2025-12-15,15171
99,2025-12-16,47220
99,2025-12-17,23160
99,2025-12-18,40362
99,2025-12-19,100090
99,2025-12-22,21010
99,2025-12-23,6215
99,2025-12-24,29376
99,2025-12-26,25744
99,2025-12-29,154615
99,2025-12-30,26240
99,2025-12-31,8184
99,2026-01-02,37200
99,2026-01-05,74879
99,2026-01-06,33136
99,2026-01-07,50170
99,2026-01-08,21243
99,2026-01-09,88293
99,2026-01-12,32731
170,2025-12-12,16001
170,2025-12-15,29000
170,2025-12-16,22000
170,2025-12-17,5000
170,2025-12-18,21090
170,2025-12-19,3004
170,2025-12-22,3000
170,2025-12-23,2151
170,2025-12-24,28000
170,2025-12-26,14000
170,2025-12-29,28000
170,2025-12-30,4100
170,2025-12-31,19002
170,2026-01-02,23000
170,2026-01-05,28147
170,2026-01-06,45000
170,2026-01-07,10100
170,2026-01-08,17229
170,2026-01-09,13150
170,2026-01-12,13026
46,2025-12-12,132121
46,2025-12-15,105352
46,2025-12-16,164108
46,2025-12-17,132001
46,2025-12-18,76120
46,2025-12-19,73120
46,2025-12-22,76120
46,2025-12-23,102840
46,2025-12-24,71200
46,2025-12-26,122480
46,2025-12-29,111037
46,2025-12-30,84048
46,2025-12-31,107390
46,2026-01-02,114805
46,2026-01-05,192360
46,2026-01-06,118809
46,2026-01-07,327184
46,2026-01-08,191040
46,2026-01-09,155100
46,2026-01-12,475039
68,2025-12-12,29000
68,2025-12-15,12000
68,2025-12-16,10001
68,2025-12-17,8021
68,2025-12-18,6020
68,2025-12-19,6016
68,2025-12-22,17000
68,2025-12-23,12000
68,2025-12-24,7000
68,2025-12-26,24000
68,2025-12-29,16004
68,2025-12-30,11627
68,2025-12-31,10276
68,2026-01-02,27244
68,2026-01-05,96301
68,2026-01-06,27000
68,2026-01-07,30088
68,2026-01-08,16000
68,2026-01-09,16000
68,2026-01-12,36744
111,2025-12-12,77050
111,2025-12-15,62252
111,2025-12-16,176050
111,2025-12-17,81033
111,2025-12-18,232011
111,2025-12-19,190150
111,2025-12-22,163000
111,2025-12-23,221000
111,2025-12-24,107050
111,2025-12-26,281618
111,2025-12-29,170050
111,2025-12-30,143170
111,2025-12-31,275025
111,2026-01-02,138055
111,2026-01-05,354140
111,2026-01-06,356060
111,2026-01-07,312190
111,2026-01-08,297130
111,2026-01-09,1303377
111,2026-01-12,362463
173,2025-12-12,256063
173,2025-12-15,266024
173,2025-12-16,261402
173,2025-12-17,227445
173,2025-12-18,153000
173,2025-12-19,136000
173,2025-12-22,59000
173,2025-12-23,274150
173,2025-12-24,128093
173,2025-12-26,140001
173,2025-12-29,768103
173,2025-12-30,1697210
173,2025-12-31,1098002
173,2026-01-02,650074
173,2026-01-05,1591123
173,2026-01-06,517050
173,2026-01-07,302035
173,2026-01-08,643141
173,2026-01-09,544052
173,2026-01-12,252754
146,2025-12-12,111677
146,2025-12-15,152202
146,2025-12-16,89045
146,2025-12-17,158661
146,2025-12-18,62249
146,2025-12-19,95207
146,2025-12-22,116218
146,2025-12-23,95630
146,2025-12-24,83221
146,2025-12-26,87053
146,2025-12-29,274939
146,2025-12-30,452004
146,2025-12-31,227297
146,2026-01-02,492914
146,2026-01-05,543134
146,2026-01-06,343771
146,2026-01-07,282251
146,2026-01-08,169688
146,2026-01-09,128010
146,2026-01-12,91958
165,2025-12-12,9066
165,2025-12-15,23149
165,2025-12-16,136000
165,2025-12-17,71020
165,2025-12-18,66099
165,2025-12-19,36148
165,2025-12-22,31049
165,2025-12-23,37000
165,2025-12-24,163009
165,2025-12-26,43000
165,2025-12-29,56000
165,2025-12-30,31246
165,2025-12-31,18099
165,2026-01-02,33049
165,2026-01-05,78052
165,2026-01-06,14000
165,2026-01-07,34546
165,2026-01-08,40001
165,2026-01-09,180019
165,2026-01-12,15918
104,2025-12-12,135006
104,2025-12-15,115050
104,2025-12-16,139400
104,2025-12-17,93229
104,2025-12-18,102134
104,2025-12-19,92027
104,2025-12-22,81200
104,2025-12-23,174226
104,2025-12-24,115020
104,2025-12-26,93014
104,2025-12-29,122025
104,2025-12-30,137090
104,2025-12-31,339022
104,2026-01-02,369001
104,2026-01-05,187163
104,2026-01-06,361020
104,2026-01-07,479000
104,2026-01-08,269250
104,2026-01-09,311073
104,2026-01-12,93876
